ISO3,FIPS,ISO2,UN,NAME,AREA,POP2005,REGION,SUBREGION,LON,LAT,country,ln_maddison_pcgdp2000,ln_export_area,ln_export_pop,colony0,colony1,colony2,colony3,colony4,colony5,colony6,colony7,abs_latitude,longitude,rain_min,humid_max,low_temp,ln_coastline_area,island_dum,islam,legor_fr,legor_uk,region_n,region_s,region_w,region_e,region_c,ln_avg_gold_pop,ln_avg_oil_pop,ln_avg_all_diamonds_pop,ln_pop_dens_1400,atlantic_distance_minimum,indian_distance_minimum,saharan_distance_minimum,red_sea_distance_minimum,ethnic_fractionalization,state_dev,land_area,geometry
AGO,AO,AO,24,Angola,124670,16095214,2,17,17.544,-12.296,Angola,6.670766353607178,7.967493534088135,14.399250030517578,0,0,0,1,0,0,0,0,8,17.541419982910156,0,78,14,0.2468600571155548,0,0,1,0,0,0,0,0,1,-6.614334583282471,0.6431259512901306,-1.701395869255066,-0.024916954338550568,5.668759822845459,6.9805707931518555,4.925892353057861,3.8723535537719727,0.7867000102996826,0.6349999904632568,1.25,"list(list(c(1558194.51292782, 1845646.149398, 1885937.80560775, 1961913.23917211, 2156598.77486461, 2175065.96089831, 2296492.97473183, 2287472.55609386, 2424868.11443647, 2425713.59289933, 2483785.35118852, 2477291.60098554, 2670132.45639543, 2673956.00641031, 2448843.43765843, 2449045.57113323, 2613348.66203284, 2592043.53899898, 2321475.14347637, 2105701.05633014, 2054016.03640433, 1557718.05545151, 1465026.26845134, 1308313.7991106, 1315889.13326382, 1314776.12520195, 1305932.36102936, 1392575.85584139, 
1535374.23813329, 1533271.37055513, 1445421.86929682, 1490722.69876019, 1363107.25818667, 1467066.28780624, 1558194.51292782, -652198.107986916, -658042.048485524, -803462.234894801, -904487.988699188, -893026.567603188, -780802.50827039, -771524.41771874, -813001.003897555, -812689.77278296, -1051756.09667729, -1160109.02896592, -1255898.48771907, -1217419.84657517, -1460462.28011567, -1460208.40944798, -1824610.68950207, -1993799.32686656, -1998082.55911281, -2039467.25992032, -2015970.89480261, 
-1966251.78045996, -1970231.24434157, -1915328.79801583, -1950509.40896743, -1863053.62857708, -1803918.77098265, -1786972.87798346, -1508361.59390839, -1322007.9845927, -1196372.35260601, -1015884.30293714, -937013.777661912, -680117.594774368, -653061.676393177, -652198.107986916)), list(c(1457048.36594915, 1398791.03554129, 1394462.15183941, 1359717.70063238, 1338742.95542077, 1422557.00623578, 1457326.93645223, 1457048.36594915, -519600.955819264, -560160.910899445, -638274.007804492, -643240.192835619, 
-558980.952700225, -489058.703520677, -516312.266879132, -519600.955819264)), list(c(1308096.8028803, 1301726.62587304, 1310786.96162578, 1308096.8028803, -1892356.63837357, -1866827.4148521, -1898105.74922849, -1892356.63837357)))"
BDI,BY,BI,108,Burundi,2568,7858791,2,14,29.887,-3.356,Burundi,6.3543701171875,1.1408426761627197,4.451657772064209,0,0,0,0,1,0,0,0,16,29.88722038269043,5,82,17,-4.605170249938965,0,1,1,0,0,0,0,1,0,-2.633922815322876,-9.21034049987793,-6.907755374908447,3.036856174468994,10.626214027404785,2.570375442504883,3.7187416553497314,2.2153236865997314,0.29510000348091125,0.9950000047683716,0.027800000000000002,"list(list(c(3253857.24997984, 3230985.99267942, 3322979.19535657, 3334265.98984759, 3403407.52745472, 3386060.6112044, 3433500.74803985, 3432536.38729112, 3342491.05306385, 3275451.89535984, 3253857.24997984, -417853.98819407, -305657.983548516, -307329.704203055, -257155.883860608, -267152.129982423, -318722.825285038, -331747.313535494, -362756.873533714, -475712.77745424, -495653.456364384, -417853.98819407)))"
BEN,BN,BJ,204,Benin,11062,8490301,2,11,2.469,10.541,Benin,7.187657356262207,8.304137229919434,13.30897045135498,0,0,1,0,0,0,0,0,6,2.342639923095703,13,78,18,0.06840275228023529,0,13,1,0,0,0,1,0,0,-13.815510749816895,-3.53155517578125,-6.907755374908447,1.2141958475112915,5.120651721954346,9.23396110534668,2.834785223007202,3.901736259460449,0.7871999740600586,0.6949999928474426,0.113,"list(list(c(276564.146677647, 182052.340521285, 155684.983293006, 150837.910024888, 86458.1749559429, 102187.952963507, 159774.416106789, 224277.827130006, 266935.789960459, 264723.760358913, 315993.732955601, 401246.540465234, 429136.637008078, 344533.824005188, 310519.485676359, 302745.155078338, 276564.146677647, 707264.695542602, 693628.054693378, 1054503.2272889, 1118356.10605659, 1161491.97454934, 1231698.44010239, 1284187.08231692, 1280054.27192572, 1333892.10734411, 1373065.41027455, 1390884.24895981, 
1310820.6949357, 1185077.1218741, 1016228.53628971, 1010967.85262299, 710067.00680931, 707264.695542602)))"
BFA,UV,BF,854,Burkina Faso,27360,13933363,2,11,-1.74,12.278,Burkina Faso,6.748759746551514,6.413822174072266,11.724286079406738,0,0,1,0,0,0,0,0,12,-1.7429200410842896,0,67,9,-4.605170249938965,0,42,1,0,0,0,1,0,0,-2.164328098297119,-9.21034049987793,-6.907755374908447,0.9085654020309448,4.774938106536865,9.299419403076172,2.763519287109375,4.239375114440918,0.7376999855041504,0.33799999952316284,0.274,"list(list(c(-315484.780243695, -298955.283014279, -404491.726260835, -523696.421864958, -614466.891255247, -586993.908844412, -491753.850579278, -482817.455816867, -441298.625335709, -382680.230512765, -362623.241259085, -320507.404348793, -275484.792894913, -223412.0954501, -220505.432226005, -80737.5776435642, 26165.4236719812, 67039.0463845081, 143079.609433541, 110391.865476491, 110113.566749508, 175699.225862225, 238502.009024596, 266935.789960459, 224277.827130006, 159774.416106789, 102187.952963507, 
-16671.429580177, -68832.5147006748, -315484.780243695, 1232334.40254032, 1060362.09780465, 1113740.71898796, 1084774.776456, 1168238.36658877, 1327946.86533746, 1379964.18805854, 1473635.74531129, 1517352.91742721, 1478760.68769724, 1539438.50290363, 1534728.50845343, 1607221.23024138, 1595768.55740515, 1628737.11931591, 1698741.74257273, 1679413.97068424, 1540266.11070231, 1499742.50208363, 1502226.36475783, 1465127.7883888, 1417491.71350668, 1424844.40997587, 1333892.10734411, 1280054.27192572, 
1284187.08231692, 1231698.44010239, 1247821.36539203, 1222090.84255924, 1232334.40254032)))"
BWA,BC,BW,72,Botswana,56673,1835938,2,18,23.815,-22.182,Botswana,8.377470970153809,-2.3025851249694824,3.9120230674743652,0,1,0,0,0,0,0,0,24,23.820419311523438,0,74,-4,-4.605170249938965,0,0,0,1,0,1,0,0,0,-3.705089569091797,-9.21034049987793,2.186849355697632,-2.0750293731689453,5.68633508682251,5.764575481414795,5.856533050537109,4.299600124359131,0.41019999980926514,0.8930000066757202,0.6,"list(list(c(3001083.30299912, 2988402.45452489, 2879989.62695572, 2839729.04067899, 2747053.33820377, 2561999.37893275, 2518582.21717509, 2411984.00862533, 2297912.36606117, 2316712.89222227, 2226494.67882581, 2226018.67668317, 2336812.40552143, 2336961.90759756, 2593422.1995159, 2628874.11774884, 2712020.98313164, 2812423.5941018, 2912798.15256028, 3030116.20543443, 3037625.37300539, 3085015.41606997, 3118708.04107041, 3235006.18476992, 3269856.7551136, 3150155.90853901, 3001083.30299912, -2723226.33877963, 
-2785665.27472456, -2844388.0668781, -2959227.03985377, -2977771.78876776, -2912604.23035367, -3012905.32067594, -3106546.12706351, -3102005.9935413, -2984638.64399448, -2846957.67459008, -2512125.67518753, -2511158.80975266, -2074852.57650712, -2037074.38777879, -2094403.93125466, -2031534.54526734, -2014415.17823092, -2217172.97388834, -2283893.3091121, -2331759.4341944, -2333122.24440357, -2459510.95456586, -2487296.88338245, -2534642.08184149, -2584855.69175612, -2723226.33877963)))"
CAF,CT,CF,140,Central African Republic,62298,4191429,2,17,20.483,6.571,Central African Republic,6.472346305847168,1.1713142395019531,8.052058219909668,0,0,1,0,0,0,0,0,4,20.480579376220703,5,72,14,-4.605170249938965,0,8,1,0,0,0,0,0,1,-3.3160462379455566,-9.21034049987793,-1.849576473236084,-0.4739045202732086,5.642055988311768,8.772294998168945,2.8400840759277344,2.2931673526763916,0.8295000195503235,0.14399999380111694,0.623,"list(list(c(2121615.02057492, 2113833.34289051, 2267763.48573065, 2417364.30225435, 2417797.44639302, 2545487.69282185, 2634839.61794096, 2617986.84891028, 2694055.3531515, 2693096.44705781, 2811187.8364345, 2806024.17053458, 2939391.0430769, 2943008.59256922, 3021520.0030359, 3056307.34390878, 2882247.07490952, 2843347.03544927, 2753425.71113474, 2715546.0261271, 2607133.30987742, 2548752.35952834, 2491237.36349816, 2291573.16633846, 2161978.91133911, 2064079.65307791, 2073320.84060611, 1945338.93711141, 
1854551.65847801, 1804179.70021355, 1792583.77149659, 1640045.23361086, 1605134.32810319, 1725341.67836087, 2069305.32393422, 2121615.02057492, 958528.961673027, 1001982.62890569, 1018232.68440277, 1151748.09503307, 1191243.37890604, 1223313.21127711, 1103852.70591733, 973818.240691607, 970752.398424035, 927606.485932407, 876667.17618556, 837009.920713286, 741537.457980752, 677847.46807677, 643619.410856879, 559136.552572053, 578819.205343414, 599936.191197655, 547341.878943146, 570219.065703521, 
511627.831961977, 537318.054511383, 459869.122010816, 491404.393003085, 572299.148091968, 483093.019265322, 387568.2238194, 413625.009611127, 393578.371165822, 247283.926484398, 322778.642151536, 515195.460301824, 673089.833850973, 840278.483965705, 897991.653240888, 958528.961673027)))"
CIV,IV,CI,384,Cote d'Ivoire,31800,18584701,2,11,-5.556,7.632,Ivory Coast,7.189922332763672,5.096793174743652,10.843698501586914,0,0,1,0,0,0,0,0,6,-5.5555500984191895,41,82,15,0.46961531043052673,0,20,1,0,0,0,1,0,0,-2.972710609436035,-3.2708921432495117,-4.228216171264648,0.4721229374408722,4.185695648193359,9.457084655761719,3.3530735969543457,4.793966293334961,0.8203999996185303,0.0820000022649765,0.322,"list(list(c(-532917.349245836, -592188.85552126, -556923.508754898, -837723.918654675, -826361.760868396, -958058.284451363, -924879.510220442, -942848.145826839, -884637.959576625, -912603.53073422, -851208.493852428, -885855.794805908, -860809.020696922, -906542.741057985, -887659.838473705, -849986.205843513, -777906.835554877, -695012.331457703, -680316.71151961, -614466.891255247, -523696.421864958, -404491.726260835, -298955.283014279, -276938.180166698, -361695.615942296, -307736.609726007, 
-325957.717937519, -349821.499817848, -367045.185391854, -445741.94281072, -423879.908013822, -532917.349245836, 576115.677796774, 583104.241448181, 571748.246156949, 485018.924894114, 651172.217836054, 726009.382177382, 765576.184066328, 844176.793648424, 895544.009915552, 949330.447223795, 936022.879272036, 984987.642469386, 1015946.69861491, 1066239.35121406, 1137614.90614211, 1169603.48891029, 1135566.5895781, 1202097.39968605, 1141252.89955747, 1168238.36658877, 1084774.776456, 1113740.71898796, 
1060362.09780465, 915701.992847195, 737615.053245639, 622053.733634431, 568505.398660546, 598414.219108657, 570498.477902218, 585650.527073732, 599283.881333491, 576115.677796774)), list(c(-532917.349245836, -461573.912110824, -445772.778309661, -532917.349245836, 576115.677796774, 588290.029574216, 583197.470218299, 576115.677796774)), list(c(-345343.339342224, -345428.944030646, -352697.327543005, -345343.339342224, 569547.363242476, 566806.636538949, 570405.377636338, 569547.363242476)))"
CMR,CM,CM,120,Cameroon,46540,17795149,2,17,12.277,5.133,Cameroon,7.0166096687316895,4.94492769241333,10.331063270568848,0,0,1,0,0,0,0,0,4,12.74131965637207,23,75,14,-0.16686269640922546,0,22,1,0,0,0,0,0,1,-4.2964887619018555,-0.8711615800857544,-6.907755374908447,1.0207042694091797,5.642055988311768,8.772294998168945,3.0025477409362793,3.0510311126708984,0.8634999990463257,0.3160000145435333,0.475,"list(list(c(1622728.81890102, 1674534.23824843, 1676656.98961837, 1745695.55669651, 1580154.45700816, 1553741.68142764, 1692272.66514787, 1725341.67836087, 1605134.32810319, 1640045.23361086, 1792583.77149659, 1804179.70021355, 1789151.34631748, 1621368.27208454, 1479868.84282282, 1394121.99941305, 1262336.7541959, 1116101.45983736, 1092240.57226379, 1082303.74923761, 999185.047685986, 984713.625202345, 946679.428741489, 956427.899189234, 986878.010061832, 1090436.19463752, 1181656.39477061, 1262393.86109467, 
1320712.91780688, 1364096.46107833, 1424549.28979005, 1537012.69967071, 1630428.34280123, 1630304.77816645, 1577891.88835778, 1566790.66345791, 1614230.02105691, 1622728.81890102, 1429884.57651961, 1354687.68724663, 1208300.47954967, 1117719.94984592, 1116827.11163794, 1078062.15725173, 948111.0452958, 840278.483965705, 673089.833850973, 515195.460301824, 322778.642151536, 247283.926484398, 184166.502812299, 241559.12795074, 240909.336871968, 254246.773050023, 241466.332328867, 241404.505742403, 
260972.056197643, 430607.525579014, 456427.837832779, 516870.720772676, 504555.364050215, 536180.91866588, 651451.96883914, 758942.650553708, 788877.769316979, 718505.121077411, 790685.116984574, 939357.885717248, 980075.284026506, 1238438.92023655, 1297472.8616797, 1367149.33144074, 1390885.16077489, 1469063.84484922, 1459882.39369093, 1429884.57651961)), list(c(1078376.62024141, 1071573.66352004, 1073398.18997415, 1078376.62024141, 398194.651755219, 395561.197191047, 398628.418137843, 398194.651755219
)))"
COD,CG,CD,180,Democratic Republic of the Congo,226705,58740547,2,17,23.654,-2.876,Democratic Republic of Congo,5.384495258331299,5.787437915802002,11.768935203552246,0,0,0,0,1,0,0,0,7,23.65134048461914,3,73,14,-4.151252746582031,0,1,1,0,0,0,0,0,1,-2.2952423095703125,-3.441502809524536,-0.6839800477027893,0.42534229159355164,5.712496757507324,7.64304780960083,3.74774169921875,2.6869990825653076,0.8747000098228455,0.6489999890327454,2.35,"list(list(c(2882247.33313758, 3056307.61069779, 3157360.75929205, 3299880.57108086, 3435188.12460081, 3420817.11398289, 3484609.33453891, 3335193.6288483, 3294716.82517004, 3213608.22050617, 3230986.17888681, 3253857.4117002, 3275452.14614124, 3289522.07979775, 3425439.0062932, 3217318.81357926, 3158381.19361966, 3194838.25891043, 3157391.75875353, 3231759.46682296, 3283213.90171344, 3317883.18984265, 3317475.5256918, 3293881.96296111, 3230027.74348214, 3166142.94919186, 3079097.31068102, 3027806.79075119, 
2991000.2383811, 2894832.26519457, 2823031.56732505, 2819970.26434223, 2721575.85038182, 2670132.45639543, 2477291.60098554, 2483785.35118852, 2425713.59289933, 2424868.11443647, 2287472.55609386, 2296492.97473183, 2175065.96089831, 2156598.77486461, 1961913.23917211, 1885937.80560775, 1845646.149398, 1558194.51292782, 1467066.28780624, 1384350.80694775, 1359717.70063238, 1394462.15183941, 1398791.03554129, 1457048.36594915, 1457326.93645223, 1493227.285387, 1528354.77103576, 1603093.62334254, 1605103.49253628, 
1632098.50302566, 1768922.90690691, 1806375.35216602, 1802911.90548439, 1972024.58406377, 2013985.96469139, 2073321.05719807, 2064079.82047839, 2161979.09235557, 2291573.40266136, 2491237.53679617, 2548752.57872935, 2607133.48233294, 2715546.24280059, 2753425.88611778, 2843347.25549278, 2882247.33313758, 578819.223313604, 559136.758947553, 478007.774517607, 517491.560705981, 389124.105091032, 272599.432176113, 236205.960579582, 91903.6315013109, -154285.350574128, -266625.85329315, -305658.02437536, 
-417853.90018109, -495653.37455798, -702201.474333448, -915080.089079546, -947298.531193573, -1035429.58287809, -1192816.65139348, -1294632.52171621, -1389334.0488231, -1397883.18734101, -1363381.59716572, -1511668.0160549, -1485100.3534549, -1505214.46628104, -1404914.23887597, -1379489.77709457, -1296572.17195259, -1342705.41194039, -1334614.29934556, -1304954.77373135, -1254038.76282823, -1284723.72368778, -1217419.84657517, -1255898.48771907, -1160109.02896592, -1051756.09667729, -812689.77278296, 
-813001.003897555, -771524.41771874, -780802.50827039, -893026.567603188, -904487.988699188, -803462.234894801, -658042.048485524, -652198.107986916, -653061.676393177, -671006.601616996, -643240.192835619, -638274.007804492, -560160.910899445, -519600.955819264, -516312.266879132, -544176.38792224, -495405.268934151, -476612.084564828, -544704.021270558, -547186.888754683, -439280.564359024, -370716.879185771, -242270.831790535, -59804.1455899491, 247655.543076761, 387568.280003966, 483092.921349556, 
572299.441469111, 491404.588922191, 459869.181616435, 537318.130374313, 511628.070599716, 570219.257594383, 547342.030757408, 599936.473553754, 578819.223313604), c(1441927.42315371, 1429806.20906831, 1417901.1419129, 1441927.42315371, -655275.505394909, -652415.599747156, -662829.627371119, -655275.505394909)))"
COG,CF,CG,178,Congo,34150,3609851,2,17,15.986,-0.055,Congo,7.702556133270264,5.62326717376709,12.391067504882812,0,0,1,0,0,0,0,0,4,15.226300239562988,0,71,12,-0.7049120664596558,0,1,1,0,0,0,0,0,1,-3.9675614833831787,1.0008784532546997,-6.907755374908447,-0.3609614372253418,5.527229309082031,7.92352819442749,3.6973631381988525,3.2270069122314453,0.8747000098228455,0.5360000133514404,0.342,"list(list(c(1422557.00486331, 1338742.77913321, 1240172.70962049, 1279833.95175878, 1327577.65684562, 1288430.15415733, 1389050.61737098, 1408191.55853491, 1447321.13878519, 1500895.87011927, 1532003.322585, 1570810.63290944, 1606309.30532851, 1616204.27222614, 1541589.15525672, 1612710.06472963, 1579499.89840229, 1467946.19140039, 1479868.84282282, 1621368.27208454, 1789151.34631748, 1804179.70021355, 1854551.65847801, 1945338.93711141, 2073320.84060611, 2013985.77090145, 1972024.33412488, 1802911.65989392, 
1806375.14321098, 1768922.92504798, 1632098.24648261, 1605103.26996526, 1603093.39655897, 1528354.60363528, 1493227.07039852, 1457326.75725667, 1422557.00486331, -489058.770260767, -558981.111945542, -437302.049157999, -390635.319698711, -405135.024419296, -259817.267956946, -259136.431529528, -202913.992535985, -263643.086924979, -271423.143955123, -232585.590395556, -277613.339027339, -210617.674429562, -67813.4378515109, -22109.3196637238, 101707.021392389, 154903.940926372, 136095.732136818, 
240909.336871968, 241559.12795074, 184166.502812299, 247283.926484398, 393578.371165822, 413625.009611127, 387568.2238194, 247655.233657574, -59804.1557684092, -242270.971217073, -370716.890224906, -439280.628759328, -547186.910099471, -544703.988865739, -476612.06753137, -495405.357568847, -544176.533742874, -516312.408352435, -489058.770260767)))"
COM,CN,KM,174,Comoros,223,797902,2,14,43.337,-11.758,Comoros,6.364750862121582,-2.3025851249694824,3.9120230674743652,0,0,1,0,0,0,0,0,11,43.49776840209961,69,78,19,5.054218292236328,1,99,1,0,0,0,0,1,0,-13.815510749816895,-9.21034049987793,-6.907755374908447,-2.3025851249694824,10.13065242767334,1.7542294263839722,4.8456926345825195,2.609506368637085,0,1,0.00217,"list(list(c(4837913.56645979, 4811135.10635201, 4818061.96166661, 4837913.56645979, -1338375.14156798, -1318533.3780619, -1275196.61477955, -1338375.14156798)), list(c(4952325.29006831, 4955232.50988987, 4921063.43746883, 4952325.29006831, -1356300.61305623, -1389017.59416226, -1364144.35456421, -1356300.61305623)), list(c(4882534.09191293, 4861167.42885006, 4856064.76603108, 4882534.09191293, -1386263.30119412, -1386421.47696546, -1375122.79058125, -1386263.30119412)))"
CPV,CV,CV,132,Cape Verde,403,506807,2,11,-23.634,15.071,Cape Verde Islands,7.482681751251221,-2.3025851249694824,3.9120230674743652,0,0,0,1,0,0,0,0,15,-24.044309616088867,0,73,13,5.4783616065979,1,0,1,0,0,0,1,0,0,-13.815510749816895,-9.21034049987793,-6.907755374908447,-2.3025851249694824,3.6468422412872314,11.599783897399902,3.481602191925049,6.465436935424805,0.4174000024795532,NA,0.004030000000000001,"list(list(c(-2610071.03123944, -2636200.6100354, -2645693.60225176, -2610071.03123944, 1687215.33046616, 1681774.2016539, 1718381.07159367, 1687215.33046616)), list(c(-2814311.57266564, -2819753.87125104, -2780142.5002446, -2814311.57266564, 1910738.4716406, 1932047.82850857, 1933957.02220655, 1910738.4716406)), list(c(-2675471.34339999, -2707444.97282358, -2719782.73462719, -2675471.34339999, 1873634.26274988, 1860699.36150569, 1879442.76498728, 1873634.26274988)), list(c(-2527632.82573504, -2555648.26802451, 
-2537930.21259187, -2527632.82573504, 1808937.08458458, 1815083.09003123, 1831985.05966088, 1808937.08458458)), list(c(-2712670.75499939, -2730141.68116245, -2714154.86645065, -2712670.75499939, 1667568.85565136, 1680110.02361567, 1694674.83788698, 1667568.85565136)), list(c(-2774762.2066156, -2793377.16318554, -2775535.09784017, -2774762.2066156, 1897556.11612687, 1901141.51285249, 1911675.94134121, 1897556.11612687)))"
DJI,DJ,DJ,262,Djibouti,2318,804206,2,14,42.516,11.9,Djibouti,7.005788803100586,-1.6617181301116943,4.703023910522461,0,0,1,0,0,0,0,0,11,42.577518463134766,0,74,17,2.6583504676818848,0,94,1,0,0,0,0,1,0,-13.815510749816895,-9.21034049987793,-6.907755374908447,-0.16987410187721252,14.407551765441895,2.68220591545105,2.350743055343628,0.06438951194286346,0.7961999773979187,0.13300000131130219,0.022,"list(list(c(4771911.01585404, 4814481.37024525, 4780514.4540195, 4652010.239474, 4656339.12051248, 4719915.12885789, 4800250.50918123, 4832811.79419673, 4732036.3742519, 4771911.01585404, 1298563.28099301, 1285396.42854637, 1232383.27961212, 1233020.27573744, 1316132.89523047, 1399212.91160198, 1426429.31013106, 1352189.68769295, 1296494.40241329, 1298563.28099301)))"
DZA,AG,DZ,12,Algeria,238174,32854159,2,15,2.632,28.163,Algeria,7.934513568878174,3.257355213165283,9.961392402648926,0,0,1,0,0,0,0,0,36,2.6369099617004395,0,66,0,-0.7015860676765442,0,99,1,0,1,0,0,0,0,-13.815510749816895,0.9135317802429199,-6.907755374908447,-0.4040989875793457,6.559231758117676,14.912309646606445,0.9850904941558838,3.6541647911071777,0.3393999934196472,0.9900000095367432,2.38,"list(list(c(329907.556109855, 532756.381262157, 593116.369518556, 712259.171485799, 959799.989204328, 910995.409370243, 918571.145996681, 834061.173449125, 929363.014031642, 1008028.82463204, 1061666.56279791, 1035704.07455765, 1087189.33904954, 1107443.25248243, 1098908.83240127, 1046217.64386562, 1141272.1325396, 1286729.414977, 1334328.29340631, 829420.041238961, 647044.428916415, 472582.073916401, 370910.309431709, 359902.036306648, 199911.215109755, 129965.505501149, 130206.178240244, -535013.829215949, 
-741697.054228629, -964782.649612228, -964769.068634354, -964830.850951746, -793027.695947796, -616524.52072307, -547753.788339788, -403718.723716769, -425054.996558643, -317693.470260526, -131418.892772943, -112463.632519644, -185687.144534669, -194499.863342798, -245954.292335746, 105753.516253609, 329907.556109855, 4411573.98806433, 4424442.53332102, 4389083.53349336, 4451155.01068735, 4430937.39057162, 4372987.02853281, 4115666.32874883, 4013705.60709871, 3833524.28549665, 3776444.08807816, 3533714.21290996, 
3519305.55743461, 3430205.81839037, 3226858.17015406, 3062902.98537961, 3018084.19549394, 2827406.95497716, 2790312.37004143, 2695305.99337694, 2374342.69532669, 2207529.20236327, 2172210.85754616, 2152156.0641237, 2251752.02497999, 2309592.96129364, 2361035.11944652, 2404109.95357429, 2875778.40194377, 3015087.52062759, 3159807.86728042, 3207012.37779452, 3338716.23469232, 3456967.22531494, 3491022.76040755, 3569023.91860212, 3628925.60991366, 3723413.23907738, 3774911.29935634, 3777830.79650268, 
3830223.49916278, 3930013.18942938, 4129581.51422261, 4175551.36020254, 4362756.30055816, 4411573.98806433)))"
EGY,EG,EG,818,Egypt,99545,72849793,2,15,29.872,26.494,Egypt,7.979339122772217,0.3999168574810028,5.477251052856445,0,1,0,0,0,0,0,0,28,29.87952995300293,0,41,1,0.8960880637168884,0,88,1,0,1,0,0,0,0,-13.815510749816895,-0.36104243993759155,-6.907755374908447,1.4309229850769043,16.392658233642578,4.667311668395996,0.43038469552993774,1.1126583814620972,0.18359999358654022,0.9900000095367432,1,"list(list(c(2818238.54100141, 3042485.24808289, 3235995.77679059, 3453996.30471069, 3553482.91887527, 3585043.76785422, 3551091.71384041, 3537053.20429552, 3578149.99720321, 3585662.05848301, 3642064.09235433, 3685973.7679029, 3690210.07787053, 3689529.78831879, 3719245.95701513, 3732851.74804989, 3756352.73704632, 3808981.3296213, 3814649.5599188, 3885473.5624269, 3813187.06477761, 3700568.9938038, 3626232.28519584, 3600164.71064965, 3735758.05372535, 3911612.47819949, 3986690.62598182, 3949955.83948828, 
3970828.24401201, 4106405.45038175, 3501431.00121369, 3501616.57333236, 3481084.31358449, 2783145.87666553, 2782739.91111531, 2750333.58367349, 2799870.72310448, 2818238.54100141, 3698000.51028828, 3681546.14544476, 3609610.51710096, 3710991.02412468, 3701757.86012293, 3670468.58175311, 3701917.78362206, 3668080.57465718, 3642384.92332229, 3670215.64765826, 3636970.51750333, 3657846.61578296, 3645959.64173725, 3640327.04090617, 3652859.11188311, 3647946.0436407, 3650077.13132846, 3674811.51266357, 
3660903.44645888, 3437740.07026561, 3214800.97156902, 3319058.20561806, 3504228.25214367, 3451845.35748767, 3234237.65167594, 2816595.72257045, 2743189.42760539, 2745895.57766051, 2627887.3197909, 2511538.74584954, 2511325.31904207, 2539429.14010178, 2511325.31904207, 2511488.82388878, 3407362.20177502, 3525241.74736095, 3717055.2491545, 3698000.51028828), c(3785017.47195358, 3784275.1834789, 3780410.01774861, 3785017.47195358, 3086940.62063502, 3092237.64603794, 3097051.42600029, 3086940.62063502
)), list(c(3787799.77978316, 3789531.50312398, 3775678.56569776, 3787799.77978316, 3185871.26366071, 3178830.85513637, 3189392.33469568, 3185871.26366071)), list(c(3695281.2500471, 3702640.43727033, 3684860.33519088, 3670945.39884172, 3684242.04456209, 3695281.2500471, 3663016.91151852, 3660702.34851474, 3662293.34654325, 3654629.74491406, 3662980.65776504, 3663016.91151852)), list(c(3726605.14423836, 3703228.15308781, 3718132.52430311, 3726605.14423836, 3650618.89107063, 3660738.59555573, 3656364.39810968, 
3650618.89107063)), list(c(3567480.23735491, 3566985.09527169, 3567789.38266931, 3567480.23735491, 3651377.4939201, 3653292.81405507, 3652678.48984957, 3651377.4939201)))"
ERI,ER,ER,232,Eritrea,10100,4526722,2,14,38.219,16.045,NA,NA,NA,NA,NA,NA,NA,NA,NA,NA,NA,NA,NA,NA,NA,NA,NA,NA,NA,NA,NA,NA,NA,NA,NA,NA,NA,NA,NA,NA,NA,NA,NA,NA,NA,NA,NA,NA,"list(list(c(4318948.556912, 4421733.40498515, 4439575.58164999, 4471796.34034316, 4583085.21827647, 4800250.50918123, 4719915.12885789, 4478166.93216228, 4344134.14642602, 4280172.08208654, 4220276.07346777, 4182519.50781693, 4151289.04731386, 4067927.6692723, 4056847.70639519, 4115821.43303274, 4118356.62311605, 4165941.14133106, 4297009.48902747, 4318948.556912, 1997011.25209825, 1698901.88252882, 1745672.03371687, 1686158.97420899, 1646883.14486198, 1426429.31013106, 1399212.91160198, 1625148.50448566, 
1649490.56652158, 1622159.21971957, 1675790.2491154, 1585950.38438897, 1626118.49359916, 1604298.4635346, 1706487.65237495, 1835947.06370624, 1929427.6195084, 1924808.11478073, 2036949.38350898, 1997011.25209825)), list(c(4462488.80639845, 4499471.59026876, 4450305.66736756, 4462488.80639845, 1787551.09592183, 1755428.81251706, 1759024.3453723, 1787551.09592183)), list(c(4465395.13566407, 4450522.18377715, 4456149.60667573, 4465395.13566407, 1811189.32921841, 1806137.72239174, 1815758.89737097, 1811189.32921841
)))"
ESH,WI,EH,732,Western Sahara,0,440428,2,15,-13.706,24.554,NA,NA,NA,NA,NA,NA,NA,NA,NA,NA,NA,NA,NA,NA,NA,NA,NA,NA,NA,NA,NA,NA,NA,NA,NA,NA,NA,NA,NA,NA,NA,NA,NA,NA,NA,NA,NA,NA,"list(list(c(-1752391.09010923, -1887205.56130985, -1898256.69243885, -1883216.87263524, -1861200.43770462, -1835782.19045485, -1789522.93077774, -1755137.45326661, -1756312.6531309, -1781823.18423855, -1763084.55171433, -1658784.20009354, -1611937.17350504, -1511069.35838286, -1466629.94974124, -964769.068634354, -964782.649612228, -964799.904133296, -1335895.89447565, -1335864.83633771, -1458872.87366429, -1447122.5448136, -1752391.09010923, 2432261.35424255, 2432267.21034422, 2363771.56349535, 
2504689.55895293, 2542869.93299941, 2551693.18449261, 2671302.09170312, 2726825.64038507, 2742308.90867694, 2712943.5628271, 2740854.57542415, 2837477.33144931, 3020288.88250834, 3089986.90023634, 3207049.3308341, 3207012.37779452, 3159807.86728042, 2999115.00343792, 2999080.94347066, 2687068.88834021, 2619090.56219191, 2432233.98595658, 2432261.35424255)))"
ETH,ET,ET,231,Ethiopia,100000,78985857,2,14,39.616,8.626,Ethiopia,6.436150550842285,7.078711032867432,12.992779731750488,1,0,0,0,0,0,0,0,12,39.61983108520508,5,73,0,4.529333114624023,0,32,1,0,0,0,0,1,0,-3.8059134483337402,-9.21034049987793,-6.907755374908447,0.3556669354438782,12.588990211486816,2.705883741378784,2.543247699737549,0.5100758075714111,0.7235000133514404,0.8429999947547913,1.22,"list(list(c(4067927.6692723, 4151289.04731386, 4182519.50781693, 4220276.07346777, 4280172.08208654, 4344134.14642602, 4478166.93216228, 4719915.12885789, 4656339.12051248, 4652010.239474, 4780514.4540195, 4749229.55828543, 4769823.44144321, 4899232.1268514, 5233345.22200394, 5342026.77482387, 5003903.39501551, 4863146.2441184, 4664861.85204709, 4583177.83609281, 4540028.28639102, 4399840.20073082, 4243622.44235489, 4123242.65820594, 4000883.94746917, 3987649.28452825, 3929794.0961342, 3863311.75852314, 
3752734.54609448, 3672552.89798793, 3701682.20310228, 3798282.47422542, 3816712.30648218, 3851035.89035643, 3881091.81891213, 3906973.3778826, 3974226.04636993, 4023386.18065762, 4067927.6692723, 1604298.4635346, 1626118.49359916, 1585950.38438897, 1675790.2491154, 1622159.21971957, 1649490.56652158, 1625148.50448566, 1399212.91160198, 1316132.89523047, 1233020.27573744, 1232383.27961212, 1190456.86376814, 1144174.89294152, 1006834.92886554, 893588.530157717, 893925.43554677, 546410.841702199, 545231.559431232, 
443444.241953497, 439223.832716358, 477781.404363556, 379421.073279479, 402315.339625143, 487558.69602341, 515133.364662731, 594035.104707808, 599563.409991946, 745055.420057957, 855289.981944806, 885033.399796519, 945047.384934704, 958398.257721502, 1181585.45304951, 1219382.78825019, 1202068.2809638, 1326019.81157472, 1421612.11626738, 1426268.52251912, 1604298.4635346)))"
GAB,GB,GA,266,Gabon,25767,1290693,2,17,11.797,-0.591,Gabon,8.265393257141113,4.627390384674072,11.694955825805664,0,0,1,0,0,0,0,0,0.20000000298023224,11.797470092773438,3,79,17,1.1946005821228027,0,0.800000011920929,1,0,0,0,0,0,1,-1.6541930437088013,2.65010666847229,-2.1659529209136963,-0.6607257127761841,5.531399250030518,8.36679458618164,3.7028396129608154,3.5288612842559814,0.7689999938011169,0.010999999940395355,0.268,"list(list(c(1394122.00706354, 1479869.06539385, 1467946.16293183, 1579500.06061185, 1612710.25080113, 1541589.41783318, 1616204.27229407, 1606309.49898256, 1570810.86909645, 1532003.36518591, 1500896.04257479, 1447321.32944971, 1408191.51606989, 1389050.83488697, 1288430.40480284, 1327577.62883909, 1279834.21167186, 1240172.73629531, 1079891.93168412, 1127728.34723577, 1070367.87795979, 999989.333466526, 1059081.10143317, 969592.875218454, 1003421.35603653, 1035085.81965382, 1040559.1355292, 1104412.930358, 
1035673.11082115, 1068667.15408044, 1064739.98942721, 1091373.62263287, 1263908.9814788, 1262336.92659706, 1394122.00706354, 254246.966014781, 240909.27653542, 136095.626568544, 154904.035219706, 101706.961091183, -22109.2423837309, -67813.4488726574, -210617.608977395, -277613.26589111, -232585.497753465, -271423.143955126, -263643.083198468, -202914.018027891, -259136.310842936, -259817.163426728, -405134.892478048, -390635.281374461, -437301.915551995, -272320.607465102, -280615.654853281, -264645.267088855, 
-137397.478455526, -177763.092697414, -71369.6810069239, -91192.2692165646, -41373.9549701808, 40415.7121932721, 20625.0817529057, 58814.6679448855, 53557.719533267, 109438.776730897, 111615.435577151, 111541.535143135, 241466.390979384, 254246.966014781), c(1063595.98190388, 1062482.54919186, 1061771.6848288, 1063595.98190388, 30551.3600592293, 31726.3810489626, 30149.211807433, 30551.3600592293)), list(c(1002741.06648479, 995938.170967411, 1002617.49328906, 1002741.06648479, -85471.2581600605, 
-73286.887414815, -66669.1654357422, -85471.2581600605)))"
GHA,GH,GH,288,Ghana,22754,2253501,2,11,-1.207,7.96,Ghana,7.15461540222168,8.818253517150879,13.6986665725708,0,1,0,0,0,0,0,0,7,-1.207360029220581,15,77,15,0.8132520318031311,0,16,0,1,0,0,1,0,0,0.6532509326934814,-5.899706840515137,-2.239468812942505,1.3386152982711792,4.772587776184082,9.29952621459961,3.174177885055542,4.332307815551758,0.67330002784729,0.6510000228881836,0.239,"list(list(c(71192.1539470263, 73718.2158321079, 28479.1992881182, -88560.8888175341, -179595.408039983, -229194.475079872, -345428.944030646, -345343.339342224, -325957.717937519, -307736.609726007, -361695.615942296, -276938.180166698, -298955.283014279, -315484.780243695, -68832.5147006748, -16671.429580177, 41002.6420023628, 24211.9892475403, 61318.4490721357, 42605.86530876, 80953.9827336736, 58442.7326664693, 133459.935636642, 77057.8005558999, 70625.983016851, 57005.5980403339, 23176.3840246949, 
54422.8745344328, 71192.1539470263, 651848.322198633, 641630.431288761, 642034.331085035, 580558.048494795, 559633.27196396, 527233.336950589, 566806.636538949, 569547.363242476, 568505.398660546, 622053.733634431, 737615.053245639, 915701.992847195, 1060362.09780465, 1232334.40254032, 1222090.84255924, 1247821.36539203, 1148228.38865932, 1057586.37080975, 1052414.1952917, 979065.399039513, 929606.535823332, 775325.557569654, 680396.483050668, 640946.604570451, 663326.990724786, 675325.091695666, 
679182.135811002, 674022.748444477, 651848.322198633)))"
GIN,GV,GN,324,Guinea,24572,9002656,2,11,-10.942,10.439,Guinea,6.349139213562012,7.260779857635498,12.823203086853027,0,0,1,0,0,0,0,0,10,-10.939220428466797,3,87,17,0.34110721945762634,0,80,1,0,0,0,1,0,0,-0.8973768353462219,-9.21034049987793,-3.673854351043701,0.6566054224967957,3.719984769821167,10.269244194030762,3.2454137802124023,5.258810997009277,0.7389000058174133,0.4059999883174896,0.246,"list(list(c(-1514254.8769314, -1632438.66148546, -1635623.51211705, -1671667.87267997, -1634943.2387088, -1526097.48963994, -1555248.502055, -1526539.65065738, -1374284.08691724, -1266043.02532236, -1259641.93196276, -1216598.46973569, -1185858.48290906, -1149250.51176424, -1080015.68842383, -1019191.8318493, -949987.176090899, -930383.702442711, -966315.185041979, -922807.631857792, -887659.838473705, -906542.741057985, -860809.020696922, -885855.794805908, -851208.493852428, -912603.53073422, -884637.959576625, 
-942848.145826839, -964088.795226119, -1013780.48008235, -1055883.29261222, -1055715.08886162, -1142878.36147225, -1190654.90580887, -1176816.89122785, -1248386.30692916, -1386608.04510398, -1480060.53498595, -1514254.8769314, 1088884.194454, 1172810.82940178, 1236107.44661155, 1227168.57792604, 1289961.61920501, 1313322.06704839, 1363325.9438154, 1422879.29503556, 1380068.66678162, 1392151.24303019, 1348300.34570962, 1371262.05747508, 1333489.04839188, 1371325.27323317, 1349027.52514953, 1401081.57714121, 
1288165.36369926, 1266775.79956419, 1228295.42994429, 1232988.63544384, 1137614.90614211, 1066239.35121406, 1015946.69861491, 984987.642469386, 936022.879272036, 949330.447223795, 895544.009915552, 844176.793648424, 859190.293351776, 803493.505485202, 821797.290175094, 932480.318038474, 948397.490228091, 927044.107756531, 1012731.29532715, 1118607.27097563, 1106269.54488361, 1009643.96828971, 1088884.194454)))"
GMB,GA,GM,270,Gambia,1000,1617029,2,11,-15.386,13.453,Gambia,6.796823501586914,7.561687469482422,12.204872131347656,0,1,0,0,0,0,0,0,13,-15.38401985168457,0,78,7,1.957223892211914,0,94,0,1,0,0,1,0,0,-13.815510749816895,-9.21034049987793,-6.907755374908447,1.575844407081604,3.8887970447540283,10.792570114135742,3.171976089477539,5.6378679275512695,0.7864000201225281,0.4259999990463257,0.011300000000000001,"list(list(c(-1862560.98452109, -1803468.81394533, -1799170.54576682, -1702724.45213844, -1797129.61422262, -1825052.55001524, -1844081.9490494, -1677615.67307307, -1536054.57281344, -1597558.48015723, -1682223.186797, -1701518.63941417, -1759250.04053446, -1759930.3139427, -1864698.76402228, -1862560.98452109, 1511158.86294686, 1488499.08753827, 1508361.4088123, 1515960.24906133, 1511667.75054014, 1497522.78673178, 1527219.60281426, 1554305.87255171, 1506199.4770807, 1486910.9498915, 1527887.87016648, 
1502544.1148543, 1499492.97256392, 1477985.91902418, 1466585.33260646, 1511158.86294686)))"
GNB,PU,GW,624,Guinea-Bissau,2812,1596929,2,11,-14.651,12.125,Guinea-Bissau,6.523562431335449,8.518584251403809,13.781655311584473,0,0,0,1,0,0,0,0,12,-14.965330123901367,0,74,13,2.0268352031707764,0,34,1,0,0,0,1,0,0,-13.815510749816895,-9.21034049987793,-6.907755374908447,0.9559577703475952,3.7956743240356445,10.631108283996582,3.2846174240112305,5.633391857147217,0.8082000017166138,0.21400000154972076,0.0361,"list(list(c(-1616018.92527395, -1526539.65065738, -1555248.502055, -1526097.48963994, -1634943.2387088, -1671667.87267997, -1672328.10857987, -1715124.2188984, -1699323.19641675, -1726472.57306784, -1672822.92371645, -1731760.24888051, -1662216.62527265, -1670225.2833988, -1777030.32356243, -1748210.82059096, -1764723.2859383, -1795366.98140539, -1818280.65143181, -1818342.21111023, -1793419.11295549, -1861013.64359907, -1616018.92527395, 1423164.66319075, 1422879.29503556, 1363325.9438154, 1313322.06704839, 
1289961.61920501, 1227168.57792604, 1254259.07228055, 1253092.87071845, 1280441.99846767, 1270465.48427088, 1299556.23602379, 1314237.72156631, 1317364.49549631, 1342768.35996507, 1315469.47478155, 1346214.16837335, 1347605.16510887, 1332275.69401806, 1345328.75249291, 1362910.54078142, 1383382.55206784, 1382424.71898411, 1423164.66319075)), list(c(-1790914.42441264, -1808292.39880089, -1790295.71068281, -1790914.42441264, 1235004.94189692, 1243511.99430203, 1255583.17032585, 1235004.94189692)), 
    list(c(-1784668.28778424, -1799170.54576682, -1778700.00460485, -1784668.28778424, 1317933.1263979, 1330759.01100028, 1334993.35078739, 1317933.1263979)), list(c(-1775824.28819918, -1788347.84223291, -1776473.61478898, -1775824.28819918, 1280117.30272417, 1283145.87931973, 1299556.23602379, 1280117.30272417)), list(c(-1768402.95170646, -1779009.25015026, -1775144.01479094, -1768402.95170646, 1238029.34666533, 1237714.37202604, 1254227.75212979, 1238029.34666533)), list(c(-1731358.38551876, -1740325.72709961, 
    -1722359.98579998, -1731358.38551876, 1290813.5467215, 1292864.78695121, 1303754.6499088, 1290813.5467215)), list(c(-1781761.51324065, -1787945.75623217, -1778947.35651339, -1781761.51324065, 1239856.87091998, 1250602.87317129, 1255078.7403225, 1239856.87091998)), list(c(-1807426.5558015, -1814693.60347998, -1801675.12299019, -1807426.5558015, 1327157.05798193, 1342483.98622703, 1331675.29116059, 1327157.05798193)), list(c(-1752169.0077251, -1756219.70135609, -1744098.23332309, -1752169.0077251, 
    1251044.03290539, 1257726.71553614, 1266870.4773142, 1251044.03290539)), list(c(-1809003.73034706, -1827804.25650816, -1824959.48692093, -1809003.73034706, 1293022.59760202, 1286900.70671278, 1294064.1220399, 1293022.59760202)), list(c(-1800902.2317656, -1810549.8467547, -1799015.9229941, -1800902.2317656, 1256528.84143903, 1264063.9778793, 1265041.45181482, 1256528.84143903)), list(c(-1804798.41394336, -1814569.59356724, -1799418.12031434, -1804798.41394336, 1282010.32843544, 1283114.53130734, 
    1290561.11297042, 1282010.32843544)), list(c(-1765774.58720935, -1770691.12383971, -1762218.48607596, -1765774.58720935, 1254795.03731446, 1257632.06429863, 1266239.75159952, 1254795.03731446)), list(c(-1745458.89145907, -1752509.08876947, -1743912.66373194, -1745458.89145907, 1281978.75437907, 1284124.04354042, 1289109.60079236, 1281978.75437907)))"
GNQ,EK,GQ,226,Equatorial Guinea,2805,484098,2,17,10.488,1.607,Equatorial Guinea,8.981681823730469,-0.9844123125076294,4.560218334197998,0,0,0,0,0,1,0,0,3,10.342040061950684,5,95,17,2.3545899391174316,0,0.5,1,0,0,0,0,0,1,-13.815510749816895,0.36276617646217346,-6.907755374908447,0.8622092008590698,5.577305793762207,8.556145668029785,3.4622151851654053,3.5150365829467773,0.3467000126838684,0.210999995470047,0.0281,"list(list(c(1116101.45983736, 1262336.7541959, 1263909.03068385, 1091373.61606947, 1041610.13014169, 1092240.57226379, 1116101.45983736, 241404.505742403, 241466.332328867, 111541.580985184, 111615.508437896, 129943.547036378, 260972.056197643, 241404.505742403)), list(c(985919.660565585, 940216.66438398, 966933.342174354, 997298.738914498, 985919.660565585, 389798.748975872, 364708.021773009, 416816.723064321, 412602.402566172, 389798.748975872)), list(c(627996.439527285, 625089.776303186, 627161.543346355, 
627996.439527285, -164183.431237731, -163564.847347661, -158151.774350131, -164183.431237731)))"
KEN,KE,KE,404,Kenya,56914,35598952,2,14,37.858,0.53,Kenya,6.927557945251465,4.999110221862793,10.44662857055664,0,1,0,0,0,0,0,0,2,37.85755157470703,15,62,5,-0.08405301719903946,0,6,0,1,0,0,0,1,0,-5.279897212982178,-9.21034049987793,-6.907755374908447,0.8193113803863525,11.083343505859375,2.704583168029785,3.358859062194824,1.3613299131393433,0.8587999939918518,0.1720000058412552,0.583,"list(list(c(4000883.94746917, 4123242.65820594, 4243622.44235489, 4399840.20073082, 4540028.28639102, 4583177.83609281, 4664861.85204709, 4562606.88475014, 4563913.10765511, 4626233.0981859, 4599195.59762307, 4552039.10285015, 4560047.98361528, 4547957.35108124, 4523807.47810955, 4479124.94770005, 4364060.89187548, 4187127.8007773, 4185921.87673353, 3775987.51792884, 3774534.35329601, 3897264.2032151, 3836440.68059903, 3784491.54778901, 3828075.91142184, 4000883.94746917, 515133.364662731, 487558.69602341, 
402315.339625143, 379421.073279479, 477781.404363556, 439223.832716358, 443444.241953497, 315157.428627215, -96418.7076383981, -186472.011754413, -218012.237008673, -224819.182256451, -255979.844455415, -248985.95288347, -283958.459961738, -296587.701543595, -520395.920200457, -390325.494431089, -333646.667380815, -111448.837680909, 11472.1476289836, 211019.868714325, 408977.124311964, 470503.532367291, 513701.939656848, 515133.364662731)), list(c(4579467.22350621, 4558563.42688606, 4571211.21347152, 
4579467.22350621, -236546.23185914, -242023.329626389, -227603.920074555, -236546.23185914)))"
LBR,LI,LR,430,Liberia,9632,3441796,2,11,-9.657,6.682,Liberia,6.741700649261475,4.113622188568115,10.010043144226074,1,0,0,0,0,0,0,0,6,-9.307100296020508,31,95,13,1.6517722606658936,0,14,0,1,0,0,1,0,0,-1.717546820640564,-9.21034049987793,-2.123542070388794,0.3226073682308197,3.776146411895752,9.777016639709473,3.594752311706543,5.227499961853027,0.9083999991416931,0,0.111,"list(list(c(-1202926.65515443, -1279320.43494774, -1142878.36147225, -1055715.08886162, -1055883.29261222, -1013780.48008235, -964088.795226119, -942848.145826839, -924879.510220442, -958058.284451363, -826361.760868396, -837723.918654675, -1017769.39139594, -1202926.65515443, 714266.977232303, 773005.706783371, 948397.490228091, 932480.318038474, 821797.290175094, 803493.505485202, 859190.293351776, 844176.793648424, 765576.184066328, 726009.382177382, 651172.217836054, 485018.924894114, 563513.499115201, 
714266.977232303)))"
LBY,LY,LY,434,Libyan Arab Jamahiriya,175954,5918217,2,15,18.023,27.044,Libya,7.750184059143066,1.6148697137832642,9.503454208374023,0,0,0,0,0,0,0,1,32,18.049339294433594,0,72,1,0.005665791220963001,0,97,1,0,1,0,0,0,0,-13.815510749816895,3.235895872116089,-6.907755374908447,-1.2584609985351563,8.422356605529785,16.775434494018555,0.6098508238792419,2.151154041290283,0.7919999957084656,0.9399999976158142,1.76,"list(list(c(1107443.25248243, 1087189.33904954, 1035704.07455765, 1061666.56279791, 1136973.86436109, 1145168.31471737, 1287688.0984317, 1283077.46776203, 1688252.80701582, 1754580.52185417, 1933712.06157601, 2115224.94784491, 2233130.76763046, 2235789.85630704, 2406881.79108431, 2572871.61964005, 2587866.02109143, 2780080.49528824, 2799870.54040301, 2750333.367, 2782739.69528432, 2783145.67746724, 2783079.88764818, 2671760.39685492, 2671973.57367978, 1781204.47050872, 1669557.36645405, 1584632.84012276, 
1507698.71552113, 1334328.29340631, 1286729.414977, 1141272.1325396, 1046217.64386562, 1098908.83240127, 1107443.25248243, 3226858.17015406, 3430205.81839037, 3519305.55743461, 3533714.21290996, 3597841.54159008, 3723231.51342457, 3821499.22537482, 3918041.36512141, 3815748.21195863, 3682922.68066961, 3643359.44586914, 3537908.97609162, 3613967.94625035, 3787581.83880078, 3886494.9805338, 3846625.46294193, 3791727.10431994, 3759372.91118746, 3717054.98160761, 3525241.5508102, 3407361.9445939, 2511488.61599389, 
2272926.56073558, 2273260.98496608, 2213781.76609562, 2686597.22558524, 2632090.10919556, 2585424.75148035, 2652421.94033287, 2695305.99337694, 2790312.37004143, 2827406.95497716, 3018084.19549394, 3062902.98537961, 3226858.17015406)))"
LSO,LT,LS,426,Lesotho,3035,1980831,2,18,28.243,-29.581,Lesotho,7.405495643615723,-2.3025851249694824,3.9120230674743652,0,1,0,0,0,0,0,0,29,28.243900299072266,8,42,-9,-4.605170249938965,0,0,0,1,0,1,0,0,0,-13.815510749816895,-9.21034049987793,-3.6375293731689453,-0.15206536650657654,7.202152252197266,3.0349998474121094,6.637324810028076,4.845831394195557,0.2549999952316284,1,0.0304,"list(list(c(3068479.12835162, 3006862.78832212, 3179902.70286878, 3276225.23186238, 3247065.75916603, 3158999.68548507, 3125844.28834721, 3068479.12835162, -3555704.28323103, -3455473.19235615, -3326100.9283151, -3411155.37261093, -3492486.12952574, -3524169.0253272, -3587446.23604577, -3555704.28323103)))"
MAR,MO,MA,504,Morocco,44630,30494991,2,15,-5.758,32.706,Morocco,7.885329246520996,-2.3025851249694824,3.9120230674743652,0,0,1,0,0,0,0,0,33,-6.354249954223633,0,72,0,1.4149622917175293,0,99,1,0,1,0,0,0,0,-5.4725213050842285,-7.779140472412109,-6.907755374908447,1.2681982517242432,5.793966293334961,13.675612449645996,1.0225958824157715,4.570610523223877,0.48410001397132874,0.8100000023841858,0.447,"list(list(c(-1007794.16314545, -761765.509389851, -658871.56821574, -600630.657786076, -595095.518745365, -522737.84972974, -328052.41679578, -325640.457388758, -324465.368843937, -245954.292335746, -194499.863342798, -185687.144534669, -112463.632519644, -131418.892772943, -317693.470260526, -425054.996558643, -403718.723716769, -547753.788339788, -616524.52072307, -793027.695947796, -964830.850951746, -964769.068634354, -1466629.94974124, -1275505.0707203, -1128563.23155369, -1073150.8380656, -1091951.58686567, 
-1007794.16314545, 3860156.03702057, 4031300.89965671, 4271853.101841, 4289115.43286282, 4278855.84807617, 4192304.13831129, 4208703.54133986, 4200178.88872791, 4201125.4140609, 4175551.36020254, 4129581.51422261, 3930013.18942938, 3830223.49916278, 3777830.79650268, 3774911.29935634, 3723413.23907738, 3628925.60991366, 3569023.91860212, 3491022.76040755, 3456967.22531494, 3338716.23469232, 3207012.37779452, 3207049.3308341, 3291205.08376798, 3430241.47745597, 3525169.83169295, 3690893.71171962, 
3860156.03702057)))"
MDG,MA,MG,450,Madagascar,58154,18642586,2,14,46.706,-19.374,Madagascar,6.559615135192871,5.363239288330078,11.35551929473877,0,0,1,0,0,0,0,0,19,46.72618103027344,8,71,1,2.107576847076416,0,3,1,0,0,0,0,1,0,-7.501954078674316,-9.21034049987793,-6.907755374908447,-0.07449699938297272,9.68648624420166,0.9039161205291748,5.73161506652832,3.4535467624664307,0.8791000247001648,0.5049999952316284,0.587,"list(list(c(5494389.77639906, 5559666.14925429, 5614243.88605053, 5585208.00690594, 5551069.53147315, 5525187.95369579, 5542442.33888069, 5246827.22778966, 5033280.00606748, 4899974.67803845, 4813330.75857626, 4842459.21145511, 4951737.83359317, 4891068.91494291, 4949171.24804341, 5137548.6056516, 5173820.52347386, 5158359.86055271, 5226140.82003475, 5227501.39913823, 5256909.27182048, 5258248.19376594, 5244477.21382005, 5238509.1805116, 5282666.00245164, 5279573.70000734, 5322327.05317803, 5343520.91787072, 
5309877.58452116, 5348716.08789317, 5332790.85770011, 5375308.53003358, 5425680.53167352, 5450140.38072477, 5424691.09680738, 5494389.77639906, -1356047.61028868, -1464239.22920688, -1756135.23620798, -1802374.69242519, -1739095.26261866, -1753535.03343221, -1901077.58252753, -2866910.83085039, -2948183.40208808, -2873936.59970569, -2545476.84506259, -2431736.10663743, -2269510.48085983, -1976707.58492155, -1826092.80802433, -1770424.58097541, -1800798.69433084, -1761304.08698881, -1712132.29127065, 
-1753599.16996212, -1740938.96738947, -1736834.10937907, -1724439.86936182, -1710530.15057881, -1650654.72990507, -1701944.58482325, -1643591.68714303, -1662196.07279298, -1622510.59397039, -1592069.11459062, -1527951.63650265, -1552204.45155386, -1508584.03250019, -1439428.98159628, -1395159.81409563, -1356047.61028868), c(5521941.0785943, 5520983.06783979, 5520828.49518259, 5521941.0785943, -1417080.05402229, -1415210.38737291, -1416763.03124192, -1417080.05402229)), list(c(5381462.56011086, 5366217.61946953, 
5374659.66459347, 5381462.56011086, -1507534.72315708, -1504483.28758187, -1482209.93387003, -1507534.72315708)), list(c(5547452.36143463, 5550451.24084435, 5567149.33432341, 5547452.36143463, -1931271.89820057, -1910803.72654389, -1888901.77003806, -1931271.89820057)), list(c(5256475.27935988, 5255145.27506772, 5254341.83697041, 5255022.12652215, 5256444.70454856, 5256475.27935988, -1739576.55059779, -1739319.93589576, -1738517.95006152, -1737715.99105214, -1737747.92793477, -1739576.55059779)))"
MLI,ML,ML,466,Mali,122019,1161109,2,11,-3.524,17.35,Mali,6.735780239105225,6.520308494567871,13.056465148925781,0,0,1,0,0,0,0,0,14,-3.5451900959014893,0,73,8,-4.605170249938965,0,89,1,0,0,0,1,0,0,-0.8741744756698608,-9.21034049987793,-6.907755374908447,-0.18017789721488953,3.897488832473755,10.79004955291748,2.2629168033599854,4.310750961303711,0.6905999779701233,0.11500000208616257,1.24,"list(list(c(-949987.176090899, -1019191.8318493, -1080015.68842383, -1149250.51176424, -1185858.48290906, -1216598.46973569, -1259641.93196276, -1266043.02532236, -1266599.40013735, -1342203.81342145, -1363088.57440868, -1318177.61640404, -1279524.81753284, -1213342.04067152, -1192942.74398366, -1047640.19563847, -1039507.75023856, -1039012.93510198, -611706.167883574, -593889.483382106, -623543.771215036, -732173.115193801, -535013.829215949, 130206.178240244, 129965.505501149, 199911.215109755, 
359902.036306648, 370910.309431709, 472582.073916401, 472551.23841745, 467634.590467575, 392287.770485173, 146106.831666175, 26165.4236719812, -80737.5776435642, -220505.432226005, -223412.0954501, -275484.792894913, -320507.404348793, -362623.241259085, -382680.230512765, -441298.625335709, -482817.455816867, -491753.850579278, -586993.908844412, -614466.891255247, -680316.71151961, -695012.331457703, -777906.835554877, -849986.205843513, -887659.838473705, -922807.631857792, -966315.185041979, 
-930383.702442711, -949987.176090899, 1288165.36369926, 1401081.57714121, 1349027.52514953, 1371325.27323317, 1333489.04839188, 1371262.05747508, 1348300.34570962, 1392151.24303019, 1458367.50228216, 1535778.67972774, 1662061.22765746, 1673422.64047345, 1763808.33243801, 1701520.07139588, 1739834.5010949, 1740410.32543827, 1770552.89363395, 1746859.4422771, 1746703.37421438, 1842744.5701929, 1863601.45590402, 2875642.06376489, 2875778.40194377, 2404109.95357429, 2361035.11944652, 2309592.96129364, 
2251752.02497999, 2152156.0641237, 2172210.85754616, 2113216.97991288, 1850382.4663516, 1730510.74947481, 1722259.55672855, 1679413.97068424, 1698741.74257273, 1628737.11931591, 1595768.55740515, 1607221.23024138, 1534728.50845343, 1539438.50290363, 1478760.68769724, 1517352.91742721, 1473635.74531129, 1379964.18805854, 1327946.86533746, 1168238.36658877, 1141252.89955747, 1202097.39968605, 1135566.5895781, 1169603.48891029, 1137614.90614211, 1232988.63544384, 1228295.42994429, 1266775.79956419, 
1288165.36369926)))"
MOZ,MZ,MZ,508,Mozambique,78409,20532675,2,14,37.923,-14.422,Mozambique,7.266827583312988,6.659775257110596,12.701247215270996,0,0,0,1,0,0,0,0,23,35.58900833129883,13,67,7,1.1248648166656494,0,13,1,0,0,1,0,0,0,-5.648630619049072,-9.21034049987793,-6.907755374908447,-0.02014795131981373,9.26425552368164,2.185372829437256,5.267767906188965,3.2983009815216064,0.6931999921798706,0.843999981880188,0.802,"list(list(c(4508531.99494394, 4524796.88574375, 4498420.17767823, 4546967.83212757, 4518210.55675146, 4351973.59892617, 4101164.21831895, 4112574.57744475, 4035640.67548211, 3884956.94295196, 3853787.70816883, 3930968.62808155, 3956881.6904679, 3951531.89837936, 3897541.94534461, 3652825.41442702, 3626356.08854515, 3655453.11100718, 3668255.40904587, 3661345.58561334, 3577073.72545659, 3558718.25461967, 3564016.61710347, 3484022.20838046, 3616645.13276582, 3618130.58005096, 3675645.24212269, 3640054.39716524, 
3681675.19629998, 3672185.98894628, 3671443.71058167, 3481702.4215118, 3386647.82151833, 3385866.47001246, 3363297.66776854, 3698281.61529753, 3744045.28060162, 3842995.6174949, 3850510.23972089, 3813310.8281215, 3928470.84134715, 3911243.70486892, 3986845.00120726, 3999059.64365406, 3847912.15412528, 3826638.10887876, 3854560.48807393, 3892478.3556669, 3989504.98043978, 4028621.20235115, 4170255.66215522, 4223615.43555257, 4371299.44176431, 4501405.43246284, 4508531.99494394, -1235729.77141194, 
-1432421.19666497, -1455384.91051624, -1654394.68142844, -1744549.25397185, -1919240.6975469, -2023182.81962628, -2050265.31246487, -2142153.24649613, -2256124.79791732, -2227806.1491106, -2561792.424157, -2539462.86059069, -2766241.94947509, -2833326.24257142, -2950583.35534158, -2996054.13574575, -3035422.69119239, -3009474.6705689, -3104387.48207255, -3103449.38541711, -2993860.18327261, -2809494.38596416, -2561396.00577297, -2432998.04328981, -2344081.44382645, -2266319.50506352, -2148396.54004776, 
-2078426.44442696, -1951694.88729181, -1886983.21805346, -1806878.24057611, -1805784.38058122, -1762130.41117498, -1687093.06416286, -1575658.25190377, -1636211.18936217, -1639885.21273483, -1721810.99109123, -1793048.79488729, -1936460.00720993, -1868896.59462036, -1806974.94747032, -1676014.51329685, -1498857.77507969, -1363448.47057882, -1297473.08894118, -1297050.04449903, -1279171.05873661, -1312343.23073525, -1314692.2617514, -1264442.65899573, -1251170.3227752, -1172981.65881176, -1235729.77141194
), c(3865445.1965642, 3866372.59924199, 3868877.17646535, 3865445.1965642, -1349438.98274452, -1356585.2291029, -1350735.42336519, -1349438.98274452), c(3851963.40435373, 3854313.35880436, 3854993.6322126, 3851963.40435373, -1347067.9702111, -1349881.63306895, -1347131.135648, -1347067.9702111)), list(c(4441801.5261879, 4431721.21233811, 4437348.74655616, 4441801.5261879, -1852639.15223532, -1846805.21000072, -1836945.87716533, -1852639.15223532)), list(c(3950542.49074519, 3944667.93857704, 3949553.08311103, 
3950542.49074519, -2473747.59526804, -2485532.04455228, -2454457.75273762, -2473747.59526804)), list(c(3668471.14621901, 3661884.81722675, 3671378.36604058, 3668471.14621901, -3006342.22738013, -3004139.53661716, -2995709.7726765, -3006342.22738013)))"
MRT,MR,MR,478,Mauritania,102522,2963105,2,11,-10.332,20.26,Mauritania,6.924612522125244,5.072949409484863,12.87463665008545,0,0,1,0,0,0,0,0,18,-10.342849731445312,0,69,7,-0.3119216859340668,0,99,1,0,0,0,1,0,0,-1.444775938987732,-9.21034049987793,-6.907755374908447,-1.4457082748413086,4.423710346221924,11.914300918579102,2.2552571296691895,4.973301887512207,0.6150000095367432,0.8579999804496765,1.03,"list(list(c(-741697.054228629, -535013.829215949, -732173.115193801, -623543.771215036, -593889.483382106, -611706.167883574, -1039012.93510198, -1039507.75023856, -1047640.19563847, -1192942.74398366, -1213342.04067152, -1279524.81753284, -1318177.61640404, -1363088.57440868, -1596909.04224795, -1812374.15056982, -1839852.81027467, -1785503.18396519, -1838070.58522707, -1802974.11012824, -1883495.06004272, -1898256.69243885, -1887205.56130985, -1752391.09010923, -1447122.5448136, -1458872.87366429, 
-1335864.83633771, -1335895.89447565, -964799.904133296, -964782.649612228, -741697.054228629, 3015087.52062759, 2875778.40194377, 2875642.06376489, 1863601.45590402, 1842744.5701929, 1746703.37421438, 1746859.4422771, 1770552.89363395, 1740410.32543827, 1739834.5010949, 1701520.07139588, 1763808.33243801, 1673422.64047345, 1662061.22765746, 1878797.46892619, 1864988.72382259, 1811700.99145537, 2005742.14422103, 2196448.20678904, 2299473.42180273, 2411165.64568226, 2363771.56349535, 2432267.21034422, 
2432261.35424255, 2432233.98595658, 2619090.56219191, 2687068.88834021, 2999080.94347066, 2999115.00343792, 3159807.86728042, 3015087.52062759)), list(c(-1828701.15764547, -1832319.15241575, -1819455.62865714, -1828701.15764547, 2226131.85694134, 2237492.12426904, 2257209.21375975, 2226131.85694134)))"
MUS,MP,MU,480,Mauritius,203,1241173,2,14,57.583,-20.255,Mauritius,9.273503303527832,-2.3025851249694824,3.9120230674743652,0,1,0,0,0,0,0,0,20,57.79386901855469,0,74,10,4.555573463439941,1,13,1,0,0,0,0,1,0,-13.815510749816895,-9.21034049987793,-6.907755374908447,-2.3025851249694824,10.31009578704834,0.031909551471471786,6.2738518714904785,3.883714199066162,0.4634000062942505,NA,0.0018600000000000001,"list(list(c(6408940.82709831, 6379132.02781215, 6414723.65200602, 6408940.82709831, -2334041.69679132, -2326317.76617015, -2271418.58687753, -2334041.69679132)), list(c(7065045.66068987, 7049708.17256786, 7064457.89377847, 7065045.66068987, -2241763.19188455, -2242025.74539012, -2234340.11348224, -2241763.19188455)), list(c(6296724.4351677, 6290849.77168007, 6291066.39940916, 6296724.4351677, -1163818.60817611, -1158097.36453226, -1154702.73952749, -1163818.60817611)))"
MWI,MI,MW,454,Malawi,9408,13226091,2,14,33.808,-13.4,Malawi,6.520621299743652,6.96882438659668,12.331350326538086,0,1,0,0,0,0,0,0,15,34.303619384765625,0,66,-1,-4.605170249938965,0,16,0,1,0,1,0,0,0,-13.815510749816895,-9.21034049987793,-6.907755374908447,0.9706658720970154,9.266990661621094,2.1831533908843994,4.82080078125,2.9221413135528564,0.6743999719619751,0.8610000014305115,0.118,"list(list(c(3688540.15797772, 3821071.80038062, 3892478.3556669, 3854560.48807393, 3826638.10887876, 3847912.15412528, 3999059.64365406, 3986845.00120726, 3911243.70486892, 3928470.84134715, 3813310.8281215, 3850510.23972089, 3842995.6174949, 3744045.28060162, 3698281.61529753, 3637796.94921144, 3678706.97339746, 3734304.71383772, 3703970.26391605, 3701434.1832768, 3751720.42553335, 3666908.44320726, 3688540.15797772, -1061755.96133431, -1088696.47919834, -1297050.04449903, -1297473.08894118, -1363448.47057882, 
-1498857.77507969, -1676014.51329685, -1806974.94747032, -1868896.59462036, -1936460.00720993, -1793048.79488729, -1721810.99109123, -1639885.21273483, -1636211.18936217, -1575658.25190377, -1529096.97771414, -1414513.23796679, -1386643.24354553, -1362151.60230119, -1219256.95879338, -1182456.46896581, -1051702.07908483, -1061755.96133431)), list(c(3866372.59924199, 3865445.1965642, 3868877.17646535, 3866372.59924199, -1356585.2291029, -1349438.98274452, -1350735.42336519, -1356585.2291029)), list(
    c(3854313.35880436, 3851963.40435373, 3854993.6322126, 3854313.35880436, -1349881.63306895, -1347067.9702111, -1347131.135648, -1349881.63306895)))"
MYT,MF,YT,175,Mayotte,0,0,2,14,45.155,-12.777,NA,NA,NA,NA,NA,NA,NA,NA,NA,NA,NA,NA,NA,NA,NA,NA,NA,NA,NA,NA,NA,NA,NA,NA,NA,NA,NA,NA,NA,NA,NA,NA,NA,NA,NA,NA,NA,NA,"list(list(c(5032196.91339301, 5020230.2907717, 5018158.85768701, 5032196.91339301, -1442568.76818098, -1458113.8858333, -1421199.66183122, -1442568.76818098)), list(c(5040824.17392947, 5038598.11807207, 5040886.17888585, 5040824.17392947, -1437367.59089813, -1433340.71227438, -1430899.42612779, -1437367.59089813)))"
NAM,WA,"NA",516,Namibia,82329,2019677,2,18,17.218,-22.133,Namibia,8.2414398193359375,-1.465301752090454,7.080479145050049,0,0,0,0,0,0,1,0,24,17.21072006225586,0,35,-4,0.5923608541488647,0,0,0,1,0,1,0,0,0,-0.6370342969894409,-9.21034049987793,0.23638980090618134,-2.121290683746338,5.682841777801514,5.792153835296631,5.980784893035889,4.685065746307373,0.6328999996185303,0.6639999747276306,0.824,"list(list(c(2592043.28498345, 2613348.49968739, 2779647.35114957, 2812423.5941018, 2712020.98313164, 2628874.11774884, 2593422.1995159, 2336961.90759756, 2336812.40552143, 2226018.67668317, 2226494.67882581, 2225957.8962412, 2128768.74501178, 2023324.2516646, 1937484.56779951, 1899512.37629501, 1835612.76218986, 1702538.88254729, 1610050.86473355, 1615400.43418311, 1314095.64199616, 1308313.81896385, 1465026.28115688, 1557718.01363877, 2054015.81451274, 2105700.89749062, 2321474.91739943, 2592043.28498345, 
-1998082.52537113, -1993799.27796106, -1986078.61854224, -2014415.17823092, -2031534.54526734, -2094403.93125466, -2037074.38777879, -2074852.57650712, -2511158.80975266, -2512125.67518753, -2846957.67459008, -3302213.40080328, -3370838.74737062, -3364019.39713439, -3339245.51184202, -3252581.8396131, -3322066.31589785, -3163822.21525273, -2766716.48097472, -2578023.79505479, -2047142.52950109, -1950509.38315569, -1915328.81401193, -1970231.19993404, -1966251.73873778, -2015970.94478757, -2039467.28869926, 
-1998082.52537113)))"
NER,NG,NE,562,Niger,126670,1326419,2,11,9.398,17.426,Niger,6.220590114593506,2.7522919178009033,9.695232391357422,0,0,1,0,0,0,0,0,13,9.373100280761719,0,68,8,-4.605170249938965,0,90,1,0,0,0,1,0,0,-5.2036848068237305,-9.21034049987793,-6.907755374908447,-0.5869620442390442,5.158515453338623,9.223114013671875,1.768215298652649,2.953875780105591,0.6517999768257141,0.5820000171661377,1.27,"list(list(c(472551.23841745, 472582.073916401, 647044.428916415, 829420.041238961, 1334328.29340631, 1507698.71552113, 1584632.84012276, 1669557.36645405, 1692334.44746525, 1780740.71351007, 1724246.07193249, 1499349.64239215, 1516741.42039725, 1386948.01482887, 1193808.58698305, 1072555.72406783, 869961.820549433, 771814.987740719, 715011.211937194, 653971.06159205, 461140.990611137, 401246.540465234, 315993.732955601, 264723.760358913, 266935.789960459, 238502.009024596, 175699.225862225, 110113.566749508, 
110391.865476491, 143079.609433541, 67039.0463845081, 26165.4236719812, 146106.831666175, 392287.770485173, 467634.590467575, 472551.23841745, 2113216.97991288, 2172210.85754616, 2207529.20236327, 2374342.69532669, 2695305.99337694, 2652421.94033287, 2585424.75148035, 2632090.10919556, 2451100.29595051, 2314902.25645845, 1910835.6259407, 1627172.32653205, 1541921.86099191, 1467286.30618881, 1503911.04270394, 1437169.86951189, 1500065.14331861, 1459414.77943675, 1528969.38723712, 1545486.36709329, 
1514275.06064796, 1310820.6949357, 1390884.24895981, 1373065.41027455, 1333892.10734411, 1424844.40997587, 1417491.71350668, 1465127.7883888, 1502226.36475783, 1499742.50208363, 1540266.11070231, 1679413.97068424, 1722259.55672855, 1730510.74947481, 1850382.4663516, 2113216.97991288)))"
NGA,NI,NG,566,Nigeria,91077,141356083,2,11,8.105,9.594,Nigeria,7.05272102355957,7.6908159255981445,12.08836555480957,0,1,0,0,0,0,0,0,9,8.101409912109375,25,80,16,-0.07995250076055527,0,45,0,1,0,0,1,0,0,-11.857549667358398,0.1340378224849701,-6.907755374908447,1.8214788436889648,5.224331378936768,9.150605201721191,2.6416842937469482,3.3141520023345947,0.8504999876022339,0.4779999852180481,0.924,"list(list(c(653971.06159205, 715011.211937194, 771814.987740719, 869961.820549433, 1072555.72406783, 1193808.58698305, 1386948.01482887, 1516741.42039725, 1566790.66345791, 1577891.88835778, 1630304.77816645, 1630428.34280123, 1537012.69967071, 1424549.28979005, 1364096.46107833, 1320712.91780688, 1262393.86109467, 1181656.39477061, 1090436.19463752, 986878.010061832, 956427.899189234, 854593.496928482, 787214.258180108, 787368.880952812, 775031.007829739, 779854.815324273, 753416.436260863, 762383.889161225, 
748870.816173821, 745191.150405657, 679512.650837622, 606907.629913452, 595033.513789004, 627810.981255623, 585231.276027216, 612380.875317271, 576109.311673643, 503813.424975394, 377218.451016495, 423818.014376967, 302745.155078338, 310519.485676359, 344533.824005188, 429136.637008078, 401246.540465234, 461140.990611137, 653971.06159205, 1545486.36709329, 1528969.38723712, 1459414.77943675, 1500065.14331861, 1437169.86951189, 1503911.04270394, 1467286.30618881, 1541921.86099191, 1469063.84484922, 
1390885.16077489, 1367149.33144074, 1297472.8616797, 1238438.92023655, 980075.284026506, 939357.885717248, 790685.116984574, 718505.121077411, 788877.769316979, 758942.650553708, 651451.96883914, 536180.91866588, 501050.181808139, 529808.624234719, 494164.651497279, 526612.73403839, 486876.436872656, 532135.895714808, 484519.442267582, 513179.052139377, 482472.867146631, 476084.950230508, 548707.562807699, 594190.510569305, 617238.236518884, 605992.887141946, 626683.229774446, 621649.846905104, 703290.124665954, 
718785.188210297, 737770.823442578, 710067.00680931, 1010967.85262299, 1016228.53628971, 1185077.1218741, 1310820.6949357, 1514275.06064796, 1545486.36709329)), list(c(801902.197073343, 804406.885616176, 814487.644743948, 801902.197073343, 488116.922346552, 503686.815115663, 498382.815915706, 488116.922346552)), list(c(831154.621544508, 816621.194104497, 825093.831868254, 831154.621544508, 495343.165503814, 495095.067643825, 500119.698022174, 495343.165503814)))"
REU,RE,RE,638,Reunion,250,785159,2,14,55.538,-21.122,NA,NA,NA,NA,NA,NA,NA,NA,NA,NA,NA,NA,NA,NA,NA,NA,NA,NA,NA,NA,NA,NA,NA,NA,NA,NA,NA,NA,NA,NA,NA,NA,NA,NA,NA,NA,NA,NA,"list(list(c(6201608.72077378, 6197619.5868212, 6147031.00082766, 6201608.72077378, -2391647.02670043, -2436517.22463135, -2395191.24528273, -2391647.02670043)))"
RWA,RW,RW,646,Rwanda,2467,9233793,2,14,29.917,-1.998,Rwanda,6.721425533294678,-2.3025851249694824,3.9120230674743652,0,0,0,0,1,0,0,0,2,29.917739868164063,7,83,12,-4.605170249938965,0,9,1,0,0,0,0,1,0,-3.5035247802734375,-9.21034049987793,-6.907755374908447,2.945035934448242,10.753802299499512,2.6227405071258545,3.5678131580352783,2.101731777191162,0.3237999975681305,0.9819999933242798,0.0263,"list(list(c(3334265.98984759, 3322979.19535657, 3230985.99267942, 3213608.01829117, 3294716.62379755, 3336801.5138894, 3393265.20864854, 3439122.71628338, 3403407.52745472, 3334265.98984759, -257155.883860608, -307329.704203055, -305657.983548516, -266625.907668669, -154285.37949957, -163039.024411741, -118376.594919708, -231162.209852408, -267152.129982423, -257155.883860608)))"
SDN,SU,SD,736,Sudan,237600,36899747,2,15,30.05,13.832,Sudan,6.898714542388916,5.841245174407959,11.956320762634277,0,1,0,0,0,0,0,0,12,30.041589736938477,0,41,5,-1.0792784690856934,0,73,0,1,0,0,0,1,0,-3.1810872554779053,-4.488462448120117,-6.907755374908447,0.40847522020339966,15.252874374389648,3.5275278091430664,1.827122688293457,0.9830829501152039,0.7146999835968018,0.5759999752044678,2.51,"list(list(c(3501430.79562866, 4106405.25126498, 4153267.97390169, 4130539.76214695, 4167058.90033811, 4297009.48902747, 4165941.14133106, 4118356.62311605, 4115821.43303274, 4056847.70639519, 4067927.6692723, 4023386.18065762, 3974226.04636993, 3906973.3778826, 3881091.81891213, 3851035.89035643, 3816712.30648218, 3798282.47422542, 3701682.20310228, 3672552.89798793, 3752734.54609448, 3863311.75852314, 3929794.0961342, 3987649.28452825, 4000883.94746917, 3828075.91142184, 3784491.54778901, 3731088.35979024, 
3675398.11285313, 3583744.99122033, 3470570.58375198, 3435187.90624231, 3299880.40101697, 3157360.50598315, 3056307.34390878, 3021520.0030359, 2943008.59256922, 2939391.0430769, 2806024.17053458, 2811187.8364345, 2693096.44705781, 2694055.3531515, 2617986.84891028, 2634839.61794096, 2545487.69282185, 2501008.54312203, 2429856.68683066, 2481775.31810021, 2458428.83789359, 2510810.66956434, 2491793.62699363, 2553205.25047957, 2553359.87325228, 2671623.58520072, 2671973.57367978, 2671760.39685492, 2783079.88764818, 
2783145.67746724, 3481084.15305995, 3501616.36521983, 3501430.79562866, 2511325.09277079, 2511538.5617261, 2399067.30984753, 2417201.50046061, 2138231.29821326, 2036949.38350898, 1924808.11478073, 1929427.6195084, 1835947.06370624, 1706487.65237495, 1604298.4635346, 1426268.52251912, 1421612.11626738, 1326019.81157472, 1202068.2809638, 1219382.78825019, 1181585.45304951, 958398.257721502, 945047.384934704, 885033.399796519, 855289.981944806, 745055.420057957, 599563.409991946, 594035.104707808, 515133.364662731, 
513701.939656848, 470503.532367291, 417994.32884887, 433210.900925781, 391130.952819001, 422797.716013457, 389124.010105455, 517491.246275281, 478007.459393584, 559136.552572053, 643619.410856879, 677847.46807677, 741537.457980752, 837009.920713286, 876667.17618556, 927606.485932407, 970752.398424035, 973818.240691607, 1103852.70591733, 1223313.21127711, 1416541.10076662, 1436606.39384285, 1500732.51922583, 1548892.82943854, 1588625.09296295, 1637872.22599517, 1702585.04460292, 1754048.3446573, 1769857.69871545, 
2213781.76609562, 2273260.98496608, 2272926.56073558, 2511488.61599389, 2511325.09277079, 2539428.9472779, 2511325.09277079)), list(c(4148722.46513413, 4145784.74377209, 4148193.36359439, 4148722.46513413, 2362225.73754463, 2366359.46751565, 2373968.77438904, 2362225.73754463)))"
SEN,SG,SN,686,Senegal,19253,1177034,2,11,-14.881,15.013,Senegal,7.2675251960754395,7.561687469482422,12.916816711425781,0,0,1,0,0,0,0,0,14,-14.465860366821289,0,74,12,0.9966473579406738,0,91,1,0,0,0,1,0,0,-13.815510749816895,-9.21034049987793,-6.907755374908447,0.8638997077941895,3.8977208137512207,10.790678024291992,3.0348379611968994,5.5183186531066895,0.6938999891281128,0.6940000057220459,0.196,"list(list(c(-1908940.91452622, -1952234.84560757, -1878887.5463188, -1839852.81027467, -1812374.15056982, -1596909.04224795, -1363088.57440868, -1342203.81342145, -1266599.40013735, -1266043.02532236, -1374284.08691724, -1526539.65065738, -1616018.92527395, -1861013.64359907, -1846450.27121603, -1739583.56005449, -1713207.07462797, -1742150.25355371, -1847687.25339772, -1865281.74419556, -1864698.76402228, -1759930.3139427, -1759250.04053446, -1701518.63941417, -1682223.186797, -1597558.48015723, 
-1536054.57281344, -1677615.67307307, -1844081.9490494, -1835751.57759488, -1864292.3365614, -1821527.06174182, -1867477.63247095, -1908940.91452622, 1644745.58675024, 1661108.50817899, 1715144.07150792, 1811700.99145537, 1864988.72382259, 1878797.46892619, 1662061.22765746, 1535778.67972774, 1458367.50228216, 1392151.24303019, 1380068.66678162, 1422879.29503556, 1423164.66319075, 1382424.71898411, 1417808.51524933, 1406212.75063568, 1440538.73905746, 1409000.37931828, 1435940.53415516, 1410077.45747775, 
1466585.33260646, 1477985.91902418, 1499492.97256392, 1502544.1148543, 1527887.87016648, 1486910.9498915, 1506199.4770807, 1554305.87255171, 1527219.60281426, 1569404.74672203, 1568703.78472437, 1593280.94658617, 1575650.56474961, 1644745.58675024)))"
SHN,SH,SH,654,Saint Helena,0,6399,2,11,-5.71,-15.953,NA,NA,NA,NA,NA,NA,NA,NA,NA,NA,NA,NA,NA,NA,NA,NA,NA,NA,NA,NA,NA,NA,NA,NA,NA,NA,NA,NA,NA,NA,NA,NA,NA,NA,NA,NA,NA,NA,"list(list(c(-630315.781117947, -644880.04405691, -634984.96583979, -630315.781117947, -1803275.35727752, -1804047.28203044, -1793498.9407738, -1803275.35727752)), list(c(-1598980.92061058, -1600990.79401686, -1591095.71579974, -1598980.92061058, -891184.399288885, -880382.027856912, -887312.671827266, -891184.399288885)), list(c(-1358809.11922409, -1372754.8910722, -1364715.17480815, -1358809.11922409, -4454799.87760761, -4454102.34979545, -4446466.19424174, -4454799.87760761)), list(c(-1101197.2271735, 
-1116379.9812033, -1107876.39662109, -1101197.2271735, -4922901.54953589, -4911012.84344588, -4910607.46262856, -4922901.54953589)))"
SLE,SL,SL,694,Sierra Leone,7162,5586403,2,11,-11.792,8.56,Sierra Leone,5.937536239624023,6.8781256675720215,11.479053497314453,0,1,0,0,0,0,0,0,8,-11.791890144348145,3,82,19,1.723961353302002,0,39,0,1,0,0,1,0,0,-3.5533952713012695,-9.21034049987793,-1.536141276359558,1.6181005239486694,3.7054738998413086,10.187609672546387,3.47350811958313,5.409635543823242,0.819100022315979,0.00800000037997961,0.0717,"list(list(c(-1248386.30692916, -1176816.89122785, -1190654.90580887, -1142878.36147225, -1279320.43494774, -1442546.08922759, -1479219.73887199, -1452874.08894442, -1460542.77734567, -1435743.24382572, -1465552.15443137, -1474148.35682992, -1461872.37734371, -1480060.53498595, -1386608.04510398, -1248386.30692916, 1118607.27097563, 1012731.29532715, 927044.107756531, 948397.490228091, 773005.706783371, 882223.774661048, 949267.979332438, 934919.51824986, 945391.20729689, 957335.191232685, 951800.421369478, 
983767.440185001, 990464.124321609, 1009643.96828971, 1106269.54488361, 1118607.27097563)), list(c(-1394307.56900419, -1441896.65131831, -1401636.17636107, -1394307.56900419, 829587.69033257, 844963.77005886, 852388.459017752, 829587.69033257)))"
SOM,SO,SO,706,Somalia,62734,8196395,2,14,48.316,9.774,Somalia,6.7604146003723145,3.923764228820801,10.37326717376709,0,1,0,0,0,0,0,0,5,45.93132019042969,0,80,15,1.5579795837402344,0,100,0,1,0,0,0,1,0,-13.815510749816895,-9.21034049987793,-6.907755374908447,0.06062832474708557,12.057794570922852,2.3582959175109863,3.090303659439087,0.695475697517395,0.8116999864578247,0.03400000184774399,0.638,"list(list(c(4780514.4540195, 4814481.37024525, 4929040.92613755, 4998059.34438785, 5093979.34210274, 5170573.38566001, 5276420.07632741, 5575497.69946206, 5651628.20865966, 5708154.24233365, 5678870.31444658, 5723228.45985993, 5665821.66637478, 5659065.46383956, 5338263.50811812, 5122334.86543659, 4841129.80918777, 4626233.0981859, 4563913.10765511, 4562606.88475014, 4664861.85204709, 4863146.2441184, 5003903.39501551, 5342026.77482387, 5233345.22200394, 4899232.1268514, 4769823.44144321, 4749229.55828543, 
4780514.4540195, 1232383.27961212, 1285396.42854637, 1169540.66495422, 1166459.37241576, 1217965.81694221, 1196844.30648514, 1252525.38796707, 1290214.04822029, 1343337.45672629, 1327125.55254592, 1168974.80162099, 1169963.79495556, 1155048.18439514, 1054817.72584744, 497421.209883839, 270339.919676898, 72359.1098212853, -186472.011754413, -96418.7076383981, 315157.428627215, 443444.241953497, 545231.559431232, 546410.841702199, 893925.43554677, 893588.530157717, 1006834.92886554, 1144174.89294152, 
1190456.86376814, 1232383.27961212)))"
STP,TP,ST,678,Sao Tome and Principe,96,152622,2,17,6.629,0.201,Sao Tome & Principe,7.111512184143066,-2.3025851249694824,3.9120230674743652,0,0,0,1,0,0,0,0,0.20000000298023224,6.687779903411865,0,79,13,5.3831562995910645,1,0,1,0,0,0,0,0,1,-13.815510749816895,-9.21034049987793,-6.907755374908447,-2.3025851249694824,5.196696758270264,8.474004745483398,3.6702001094818115,3.9321844577789307,NA,NA,9.599999999999999e-4,"list(list(c(726236.001471854, 719927.859887049, 744480.041498462, 726236.001471854, 2040.82025953449, 28912.2198033164, 44775.515996884, 2040.82025953449)), list(c(826330.702730464, 815662.621969278, 824506.287595868, 826330.702730464, 173246.783986112, 178938.603262216, 189487.407471241, 173246.783986112)))"
SWZ,WZ,SZ,748,Swaziland,1720,1124529,2,18,31.497,-26.562,Swaziland,7.865571975708008,-2.3025851249694824,3.9120230674743652,0,1,0,0,0,0,0,0,26,31.49748992919922,20,81,-5,-4.605170249938965,0,0,0,1,0,1,0,0,0,-13.815510749816895,-9.21034049987793,-4.45798397064209,-0.6176535487174988,8.290959358215332,2.6220829486846924,6.294674873352051,4.4225921630859375,0.05820000171661377,1,0.0174,"list(list(c(3440000.2478293, 3487732.04173063, 3558718.25461967, 3577073.72545659, 3560832.10043035, 3468900.4574316, 3430742.69633596, 3440000.2478293, -3036937.34351645, -2968322.21745148, -2993860.18327261, -3103449.38541711, -3163021.70861819, -3148863.89907386, -3099823.34606157, -3036937.34351645)))"
SYC,SE,SC,690,Seychelles,46,85532,2,14,55.474,-4.647,Seychelles,8.756839752197266,-2.3025851249694824,3.9120230674743652,0,0,1,0,0,0,0,0,4,55.37540817260742,69,78,19,6.9839019775390625,1,0,1,0,0,0,0,1,0,-13.815510749816895,-9.21034049987793,-6.907755374908447,-2.3025851249694824,11.457412719726563,1.742192268371582,4.6353440284729,2.2528562545776367,0.20250000059604645,NA,4.55e-4,"list(list(c(6182158.08878647, 6164439.92203434, 6173685.4510227, 6182158.08878647, -530832.73117083, -515660.955781564, -507192.111651084, -530832.73117083)), list(c(5177530.85383459, 5150659.88722998, 5143423.89768942, 5177530.85383459, -1050784.61814161, -1058244.87558124, -1049938.37515321, -1050784.61814161)), list(c(6208937.32813067, 6199072.75145402, 6208472.79189558, 6208937.32813067, -484519.553908411, -477728.379196348, -480860.381293092, -484519.553908411)), list(c(5166770.26657654, 5151494.7834109, 
5168223.43120937, 5166770.26657654, -1046490.97037809, -1045049.14136983, -1044673.2365932, -1046490.97037809)), list(c(6149968.72218969, 6148361.04610367, 6152318.78795984, 6149968.72218969, -502229.018324345, -495653.456364384, -499406.516693661, -502229.018324345)), list(c(6265307.9597955, 6261411.33233979, 6264906.20775326, 6265307.9597955, -796231.955975913, -802994.873439986, -793614.33897145, -796231.955975913)), list(c(5175397.41579353, 5173696.34265472, 5177283.72456502, 5175397.41579353, 
-1091143.74053046, -1089982.72015297, -1087002.34042292, -1091143.74053046)))"
TCD,CD,TD,148,Chad,125920,10145609,2,17,18.665,15.361,Chad,6.049733638763428,6.023867130279541,12.872621536254883,0,0,1,0,0,0,0,0,12,18.660289764404297,0,72,8,-4.605170249938965,0,43,1,0,0,0,0,0,1,-13.815510749816895,-9.21034049987793,-6.907755374908447,-0.49277520179748535,5.581031799316406,8.875547409057617,1.8793638944625854,2.026491165161133,0.8619999885559082,0.3840000033378601,1.28,"list(list(c(1614230.02105691, 1566790.66345791, 1516741.42039725, 1499349.64239215, 1724246.07193249, 1780740.71351007, 1692334.44746525, 1669557.36645405, 1781204.47050872, 2671973.57367978, 2671623.58520072, 2553359.87325228, 2553205.25047957, 2491793.62699363, 2510810.66956434, 2458428.83789359, 2481775.31810021, 2429856.68683066, 2501008.54312203, 2545487.69282185, 2417797.44639302, 2417364.30225435, 2267763.48573065, 2113833.34289051, 2121615.02057492, 2069305.32393422, 1725341.67836087, 1692272.66514787, 
1553741.68142764, 1580154.45700816, 1745695.55669651, 1676656.98961837, 1674534.23824843, 1622728.81890102, 1614230.02105691, 1459882.39369093, 1469063.84484922, 1541921.86099191, 1627172.32653205, 1910835.6259407, 2314902.25645845, 2451100.29595051, 2632090.10919556, 2686597.22558524, 2213781.76609562, 1769857.69871545, 1754048.3446573, 1702585.04460292, 1637872.22599517, 1588625.09296295, 1548892.82943854, 1500732.51922583, 1436606.39384285, 1416541.10076662, 1223313.21127711, 1191243.37890604, 
1151748.09503307, 1018232.68440277, 1001982.62890569, 958528.961673027, 897991.653240888, 840278.483965705, 948111.0452958, 1078062.15725173, 1116827.11163794, 1117719.94984592, 1208300.47954967, 1354687.68724663, 1429884.57651961, 1459882.39369093)))"
TGO,TO,TG,768,Togo,5439,6238572,2,11,1.081,8.799,Togo,6.3543701171875,8.536834716796875,13.28512954711914,0,0,1,0,0,0,0,0,6,0.9763399958610535,15,77,15,-0.014184646308422089,0,12,1,0,0,0,1,0,0,-13.815510749816895,-9.21034049987793,-6.907755374908447,1.4707341194152832,4.926229953765869,9.258234977722168,3.009105682373047,4.084905624389648,0.7099000215530396,0.621999979019165,0.056799999999999996,"list(list(c(155684.983293006, 182052.340521285, 133459.935636642, 58442.7326664693, 80953.9827336736, 42605.86530876, 61318.4490721357, 24211.9892475403, 41002.6420023628, -16671.429580177, 102187.952963507, 86458.1749559429, 150837.910024888, 155684.983293006, 1054503.2272889, 693628.054693378, 680396.483050668, 775325.557569654, 929606.535823332, 979065.399039513, 1052414.1952917, 1057586.37080975, 1148228.38865932, 1247821.36539203, 1231698.44010239, 1161491.97454934, 1118356.10605659, 1054503.2272889
)))"
TUN,TS,TN,788,Tunisia,15536,10104685,2,15,9.596,35.383,Tunisia,8.420241355895996,-2.3025851249694824,3.9120230674743652,0,0,1,0,0,0,0,0,36,9.562950134277344,3,64,-1,1.9476507902145386,0,99,1,0,1,0,0,0,0,-13.815510749816895,-0.37812528014183044,-6.907755374908447,1.6293740272521973,7.479858875274658,15.83293628692627,0.30973389744758606,3.2046101093292236,0.039400000125169754,0.9800000190734863,0.164,"list(list(c(1095967.88277402, 1141302.96803855, 1155712.60820481, 1232059.41117301, 1163876.00042313, 1238862.03393588, 1113844.23452254, 1150146.74498463, 1229925.75049297, 1243562.27679565, 1283077.46776203, 1287688.0984317, 1145168.31471737, 1136973.86436109, 1061666.56279791, 1008028.82463204, 929363.014031642, 834061.173449125, 918571.145996681, 910995.409370243, 959799.989204328, 1076737.66337847, 1095967.88277402, 4458548.35990001, 4465118.53286708, 4400612.12358259, 4446271.476386, 4317604.54866612, 
4195976.13404922, 4051239.94244269, 3988626.5339942, 3977482.07491009, 3923321.80504963, 3918041.36512141, 3821499.22537482, 3723231.51342457, 3597841.54159008, 3533714.21290996, 3776444.08807816, 3833524.28549665, 4013705.60709871, 4115666.32874883, 4372987.02853281, 4430937.39057162, 4486332.07227576, 4458548.35990001)), list(c(1223803.06717985, 1209486.26746892, 1194025.10339264, 1223803.06717985, 3995282.32962424, 3980378.92529474, 4012811.47509231, 3995282.32962424)), list(c(1239789.65925267, 
1250210.6107443, 1258157.48655305, 1239789.65925267, 4119839.81500541, 4139596.66092373, 4137186.35600964, 4119839.81500541)), list(c(1231719.21880913, 1228410.58090379, 1220185.29504856, 1231719.21880913, 4115139.84735001, 4112020.70480234, 4117132.24482446, 4115139.84735001)), list(c(992722.283328495, 990310.546560455, 995721.787007912, 992722.283328495, 4510550.55500144, 4512656.78156504, 4514372.44754152, 4510550.55500144)), list(c(1203209.07270258, 1201353.59943003, 1203889.34611081, 1203209.07270258, 
4455768.00578798, 4456738.45657033, 4456582.92156026, 4455768.00578798)))"
TZA,TZ,TZ,834,United Republic of Tanzania,88359,38477873,2,14,34.823,-6.27,Tanzania,6.261491775512695,6.338510513305664,12.101938247680664,0,1,0,0,0,0,0,0,4,34.81658172607422,0,56,8,0.40722721815109253,0,33,0,1,0,0,0,1,0,-3.1614444255828857,-9.21034049987793,-4.1869282722473145,0.4596342146396637,10.594966888427734,2.5582146644592285,4.056280136108398,2.186720132827759,0.7353000044822693,0.6690000295639038,0.945,"list(list(c(3526291.88882702, 3775987.51792884, 4185921.87673353, 4187127.8007773, 4364060.89187548, 4316567.09904547, 4402450.08619248, 4372010.3280325, 4384626.72252157, 4433452.89833688, 4501405.43246284, 4371299.44176431, 4223615.43555257, 4170255.66215522, 4028621.20235115, 3989504.98043978, 3892478.3556669, 3821071.80038062, 3688540.15797772, 3666908.44320726, 3455480.67017749, 3425438.76787762, 3289521.89975968, 3275451.89535984, 3342491.05306385, 3432536.38729112, 3433500.74803985, 3386060.6112044, 
3403407.52745472, 3439122.71628338, 3393265.20864854, 3526291.88882702, -111294.191335181, -111448.837680909, -333646.667380815, -390325.494431089, -520395.920200457, -674240.47535962, -780544.38985487, -846180.419437453, -995033.595599875, -1118105.16892294, -1172981.65881176, -1251170.3227752, -1264442.65899573, -1314692.2617514, -1312343.23073525, -1279171.05873661, -1297050.04449903, -1088696.47919834, -1061755.96133431, -1051702.07908483, -959868.334328364, -915080.045133333, -702201.524821341, 
-495653.456364384, -475712.77745424, -362756.873533714, -331747.313535494, -318722.825285038, -267152.129982423, -231162.209852408, -118376.594919708, -111294.191335181)), list(c(4391182.43865389, 4398912.79805302, 4363878.21659108, 4375319.18857684, 4391182.43865389, -692713.758038549, -721617.192654657, -694548.972375164, -638242.920437673, -692713.758038549)), list(c(4423403.19734704, 4416816.86835477, 4436884.98955751, 4423403.19734704, -609037.094924487, -550756.079810524, -547093.72783528, 
-609037.094924487)), list(c(4417435.13680662, 4407292.81800045, 4441771.02464741, 4417435.13680662, -892714.408805113, -887375.165410815, -852887.702091202, -892714.408805113)))"
UGA,UG,UG,800,Uganda,19710,28947181,2,14,32.386,1.28,Uganda,6.669497966766357,2.9598422050476074,7.543645858764648,0,1,0,0,0,0,0,0,0.20000000298023224,32.386329650878906,46,72,12,-4.605170249938965,0,7,0,1,0,0,0,1,0,-2.8766231536865234,-9.21034049987793,-6.907755374908447,1.723666787147522,10.995691299438477,2.6991541385650635,3.203551769256592,1.6499489545822144,0.9301999807357788,0.6340000033378601,0.236,"list(list(c(3784491.54778901, 3836440.68059903, 3897264.2032151, 3774534.35329601, 3775987.51792884, 3526291.88882702, 3393265.20864854, 3336801.5138894, 3294716.62379755, 3335193.3925254, 3484609.08473591, 3420816.89393938, 3435187.90624231, 3470570.58375198, 3583744.99122033, 3675398.11285313, 3731088.35979024, 3784491.54778901, 470503.532367291, 408977.124311964, 211019.868714325, 11472.1476289836, -111448.837680909, -111294.191335181, -118376.594919708, -163039.024411741, -154285.37949957, 91903.5422815522, 
236205.805846528, 272599.189870425, 389124.010105455, 422797.716013457, 391130.952819001, 433210.900925781, 417994.32884887, 470503.532367291)))"
ZAF,SF,ZA,710,South Africa,121447,47938663,2,18,23.121,-30.558,South Africa,8.32820987701416,0.5095112919807434,7.011268615722656,0,1,0,0,0,0,0,0,30,25.1483097076416,8,67,-2,0.8589394688606262,0,1,0,1,0,1,0,0,0,3.084303617477417,-5.725028991699219,-1.2016080617904663,-0.9186776280403137,6.765942096710205,3.457204580307007,6.583775043487549,4.8950700759887695,0.7516999840736389,NA,1.22,"list(list(c(3327772.27867166, 3484022.20838046, 3564016.61710347, 3558718.25461967, 3487732.04173063, 3440000.2478293, 3430742.69633596, 3468900.4574316, 3560832.10043035, 3577073.72545659, 3661345.58561334, 3605668.80833462, 3487175.66691564, 3342243.9237943, 3105813.57049336, 2953367.53910448, 2863693.67801799, 2861127.09583825, 2509697.69729537, 2226389.81586548, 2094785.24218189, 2092064.03722945, 2048804.05859279, 2052854.86354327, 1986774.61193295, 2036280.72719804, 2034765.55760885, 1835612.76218986, 
1899512.37629501, 1937484.56779951, 2023324.2516646, 2128768.74501178, 2225957.8962412, 2226494.67882581, 2316712.89222227, 2297912.36606117, 2411984.00862533, 2518582.21717509, 2561999.37893275, 2747053.33820377, 2839729.04067899, 2879989.62695572, 2988402.45452489, 3001083.30299912, 3150155.90853901, 3269856.7551136, 3327772.27867166, -2534886.98344532, -2561396.00577297, -2809494.38596416, -2993860.18327261, -2968322.21745148, -3036937.34351645, -3099823.34606157, -3148863.89907386, -3163021.70861819, 
-3103449.38541711, -3104387.48207255, -3316946.4246143, -3425485.24372565, -3669311.08380429, -3900688.59773863, -3995728.70360148, -3997588.96059081, -4033093.20641727, -4029474.09515178, -4139718.15937359, -4079642.8298698, -4040445.6351143, -4069530.80324684, -3989483.05341754, -3872871.34012685, -3845561.5505186, -3749244.55024249, -3322066.31589785, -3252581.8396131, -3339245.51184202, -3364019.39713439, -3370838.74737062, -3302213.40080328, -2846957.67459008, -2984638.64399448, -3102005.9935413, 
-3106546.12706351, -3012905.32067594, -2912604.23035367, -2977771.78876776, -2959227.03985377, -2844388.0668781, -2785665.27472456, -2723226.33877963, -2584855.69175612, -2534642.08184149, -2534886.98344532), c(3179902.70286878, 3006862.78832212, 3068479.12835162, 3125844.28834721, 3158999.68548507, 3247065.75916603, 3276225.23186238, 3179902.70286878, -3326100.9283151, -3455473.19235615, -3555704.28323103, -3587446.23604577, -3524169.0253272, -3492486.12952574, -3411155.37261093, -3326100.9283151
)), list(c(4213535.12170277, 4182984.04405203, 4205866.76725998, 4213535.12170277, -5935049.55615446, -5927306.02298582, -5914732.60354198, -5935049.55615446)), list(c(4225625.75423682, 4214215.395111, 4223770.05832527, 4225625.75423682, -5886528.28939337, -5881393.17175631, -5877567.70371625, -5886528.28939337)))"
ZMB,ZA,ZM,894,Zambia,74339,11478317,2,14,26.32,-14.614,Zambia,6.5012898445129395,3.61436128616333,10.893004417419434,0,1,0,0,0,0,0,0,20,27.81662940979004,0,71,4,-4.605170249938965,0,0.30000001192092896,0,1,0,1,0,0,0,-3.2350077629089355,-9.21034049987793,-6.907755374908447,-1.0485862493515015,9.027167320251465,2.388913631439209,4.848525524139404,3.2533774375915527,0.7807999849319458,0.7429999709129333,0.753,"list(list(c(2779647.35114957, 2613348.49968739, 2449045.38405616, 2448843.22786087, 2673955.83985234, 2670132.23798255, 2721575.64634592, 2819970.05370217, 2823031.33969899, 2894832.07730218, 2990999.98352307, 3027806.54863946, 3079097.11534196, 3166142.72325081, 3230027.53186368, 3293881.7276166, 3317475.33709278, 3317882.98906806, 3283213.64685541, 3231759.21786246, 3157391.56412108, 3194837.99367056, 3158380.97175525, 3217318.63087778, 3425438.76787762, 3455480.67017749, 3666908.44320726, 3751720.42553335, 
3701434.1832768, 3703970.26391605, 3734304.71383772, 3678706.97339746, 3637796.94921144, 3698281.61529753, 3363297.66776854, 3385866.47001246, 3220163.28914551, 3201486.3276192, 3097495.44418281, 3009862.51464053, 2812423.5941018, 2779647.35114957, -1986078.61854224, -1993799.27796106, -1824610.64581105, -1460208.46008764, -1460462.32376854, -1217419.90208959, -1284723.76880581, -1254038.81054943, -1304954.73739477, -1334614.28198632, -1342705.43109611, -1296572.12354437, -1379489.76581528, -1404914.25116715, 
-1505214.41310116, -1485100.37530047, -1511667.97946156, -1363381.62738528, -1397883.14133313, -1389334.0897814, -1294632.56082877, -1192816.68945956, -1035429.61217694, -947298.54247325, -915080.045133333, -959868.334328364, -1051702.07908483, -1182456.46896581, -1219256.95879338, -1362151.60230119, -1386643.24354553, -1414513.23796679, -1529096.97771414, -1575658.25190377, -1687093.06416286, -1762130.41117498, -1801506.25744865, -1868762.81022077, -1916072.35667875, -2032802.31579831, -2014415.17823092, 
-1986078.61854224)))"
ZWE,ZI,ZW,716,Zimbabwe,38685,13119679,2,14,29.872,-19,Zimbabwe,7.15461540222168,1.0235520601272583,7.925017833709717,0,1,0,0,0,0,0,0,19,29.871540069580078,0,57,0,-4.605170249938965,0,0,0,1,0,1,0,0,0,0.6928480863571167,-9.21034049987793,-5.54331111907959,-0.28108885884284973,9.027167320251465,2.388913631439209,5.453967094421387,3.6955370903015137,0.3874000012874603,0.9649999737739563,0.391,"list(list(c(3672185.98894628, 3681675.19629998, 3640054.39716524, 3675645.24212269, 3618130.58005096, 3616645.13276582, 3484022.20838046, 3327772.27867166, 3269856.7551136, 3235006.18476992, 3118708.04107041, 3085015.41606997, 3037625.37300539, 3030116.20543443, 2912798.15256028, 2812423.5941018, 3009862.51464053, 3097495.44418281, 3201486.3276192, 3220163.28914551, 3385866.47001246, 3386647.82151833, 3481702.4215118, 3671443.71058167, 3672185.98894628, -1951694.88729181, -2078426.44442696, -2148396.54004776, 
-2266319.50506352, -2344081.44382645, -2432998.04328981, -2561396.00577297, -2534886.98344532, -2534642.08184149, -2487296.88338245, -2459510.95456586, -2333122.24440357, -2331759.4341944, -2283893.3091121, -2217172.97388834, -2014415.17823092, -2032802.31579831, -1916072.35667875, -1868762.81022077, -1801506.25744865, -1762130.41117498, -1805784.38058122, -1806878.24057611, -1886983.21805346, -1951694.88729181)))"
