Year,Base_Coeff,Base_Mean_Income,Base_Abs_Income_Gain,Base_PC_Income_Gain,M1_Coeff,M1_Mean_Income,M1_Abs_Income_Gain,M1_PC_Income_Gain,M2_Coeff,M2_Mean_Income,M2_Abs_Income_Gain,M2_PC_Income_Gain,M3_Coeff,M3_Mean_Income,M3_Abs_Income_Gain,M3_PC_Income_Gain,M4_Coeff,M4_Mean_Income,M4_Abs_Income_Gain,M4_PC_Income_Gain,M5_Coeff,M5_Mean_Income,M5_Abs_Income_Gain,M5_PC_Income_Gain,M6_Coeff,M6_Mean_Income,M6_Abs_Income_Gain,M6_PC_Income_Gain
1950,-0.03346159318480187,760.8014984581212,105.90465102393932,0.13920142276082664,-0.03303119399130351,760.8014984581212,104.4529778514135,0.13729333875275376,-0.017097235034259303,760.8014984581212,52.3874201430159,0.06885819789943487,-0.05255435862876435,703.9169123736489,142.0006883392066,0.20172933174793597,-0.03154835032186975,760.8014984581212,99.47015794893036,0.130743903831054,-0.041236578492804835,760.8014984581212,132.55195369124067,0.17422672531518033,-0.03743459582364891,703.9169123736489,98.44051340324393,0.13984677974463885
1951,-0.03213175887675603,783.5499793386367,104.45990146459826,0.13331619452376056,-0.031402669359757975,783.5499793386367,101.94180911904368,0.13010249736090695,-0.014878105219577635,783.5499793386367,46.74635857325404,0.059659702387728705,-0.052229704641301854,727.1036054331913,145.6867828740484,0.2003659200496628,-0.029733422782073384,783.5499793386367,96.20350566046864,0.12277902903101366,-0.03863928442665027,783.5499793386367,127.25484664633711,0.16240807861898976,-0.036564123086738474,727.1036054331913,99.16435811540532,0.13638270718837314
1952,-0.032265138044765766,795.0894899504507,106.46653313424144,0.13390509430690167,-0.03146815057574466,795.0894899504507,103.67231815473099,0.13039075407875378,-0.014466036537027617,795.0894899504507,46.083685014239904,0.057960375022831453,-0.05129936554640353,737.0692611490891,144.81011408024744,0.19646744439523747,-0.029336901358890593,795.0894899504507,96.2426902052656,0.12104636197777356,-0.038627495841878474,795.0894899504507,129.08652221265697,0.16235470829918974,-0.03570723349173501,737.0692611490891,98.01766072662815,0.1329829717411073
1953,-0.031621431988565894,808.1145348207042,105.91618290098234,0.1310658060673069,-0.03083515664463464,808.1145348207042,103.12132257996723,0.12760731076671783,-0.013769226445766747,808.1145348207042,44.521456072140495,0.05509300248140994,-0.051061416471442134,751.210169060066,146.84084108011336,0.1954723819351973,-0.029378386454424588,808.1145348207042,97.96571509028752,0.12122751277085135,-0.038394891787947735,808.1145348207042,130.35060687383236,0.16130214376450136,-0.03620374013269323,751.210169060066,101.37704102403063,0.13495163563996512
1954,-0.030181813087652627,830.118921786156,103.55033962684502,0.12474157245330236,-0.02914297640577154,830.118921786156,99.7802513545929,0.12019994814706433,-0.011972592229815233,830.118921786156,39.626270424351674,0.047735654957832246,-0.0526439774498696,774.0156838187863,156.43318762127126,0.2021059661859457,-0.02783238606415531,830.118921786156,95.04563989770543,0.11449641419231472,-0.03644527852870351,830.118921786156,126.60747494349823,0.15251727387574612,-0.03840733952977074,774.0156838187863,111.24953561502446,0.14373033769309299
1955,-0.02954764616431506,839.1259642178627,102.34560404818944,0.12196691368450781,-0.027954910279241366,839.1259642178627,96.52331055854734,0.11502839224920818,-0.01034507555916574,839.1259642178627,34.50079259794927,0.04111515322983358,-0.05425632896782689,783.759465807572,163.72913875102392,0.2089022791990401,-0.0285307905367013,839.1259642178627,98.62429049032323,0.11753216405626242,-0.03676465764580646,839.1259642178627,129.1849668276103,0.15395181693373267,-0.03914110590958281,783.759465807572,114.95287298932419,0.14666856096070083
1956,-0.029841857248736305,860.5391335008463,106.06430329720126,0.12325331779591514,-0.027833233061178464,860.5391335008463,98.53180894807952,0.11450009082937611,-0.010719413173821158,860.5391335008463,36.68838913169611,0.042634190245875704,-0.05509494612264785,801.6572613813057,170.31397506934945,0.21245235747741847,-0.0273793960515359,860.5391335008463,96.83803148769448,0.11253181606481728,-0.03577871100307586,860.5391335008463,128.6755735502328,0.14952902028610213,-0.0410923958891299,801.6572613813057,123.8711954665107,0.15451889658315185
1957,-0.0285671517178399,872.0434497193156,102.6311783580328,0.11769044121719699,-0.026368669233584406,872.0434497193156,94.32092798875249,0.10816081242180253,-0.00886115106913603,872.0434497193156,30.622007133458283,0.03511523094785538,-0.056488658101098065,814.1604626572746,177.79259005039376,0.21837536727110335,-0.02567294773979393,872.0434497193156,91.70589277033253,0.10516206824310173,-0.03367186163979228,872.0434497193156,122.20360587147604,0.14013476726510551,-0.04263657372158091,814.1604626572746,130.89211769060068,0.16076943513492678
1958,-0.029552697137924754,881.1274094797635,107.48783926451881,0.1219889860513838,-0.027781194414743287,881.1274094797635,100.69015136750738,0.11427422445859108,-0.010026351889939287,881.1274094797635,35.0896111941712,0.03982353836307153,-0.05805023363575669,819.1974814542489,184.35723439743742,0.2250461440264249,-0.027334261573684186,881.1274094797635,98.98255741300295,0.11233625960114482,-0.03546262822883088,881.1274094797635,130.50793574280647,0.1481147156911861,-0.04464632872486787,819.1974814542489,138.4077169986832,0.16895525209987247
1959,-0.02830853192435989,903.8564421430768,105.35818718390362,0.11656517813171248,-0.025960303571479892,903.8564421430768,96.17002101109858,0.10639966318442776,-0.008082048113497371,903.8564421430768,28.904384451391138,0.031978954957556954,-0.056869306921135294,841.6634916499823,185.1643493301059,0.2199980766269343,-0.023354650159402048,903.8564421430768,86.07247713734603,0.09522803967991313,-0.03202219053307241,903.8564421430768,120.06164990895593,0.13283265384963716,-0.04410915033179162,841.6634916499823,140.3572059703688,0.1667616658710181
1960,-0.031348015342284485,933.0425558150271,121.16673472765433,0.12986195964214442,-0.0285200255400175,933.0425558150271,109.61879319664536,0.11748530923210855,-0.010075081146283377,933.0425558150271,37.34121019486486,0.040020907901941016,-0.058780821520963256,861.9942524539649,196.68951769610067,0.22817961620527735,-0.02517382772428167,933.0425558150271,96.11805902354217,0.10301572894451912,-0.0344147960379865,933.0425558150271,133.83436465121872,0.14343865005633355,-0.04781654147544754,861.9942524539649,156.87017062143138,0.18198517005751044
1961,-0.031315023588224494,946.5137777250568,122.77872369489978,0.12971678446139273,-0.02927836461651941,946.5137777250568,114.3301587276328,0.12079080243546483,-0.012516376656654376,946.5137777250568,47.28504659966143,0.04995706107238175,-0.06338566966217543,873.0404875101107,216.61443001283862,0.24811498792068337,-0.03155844983194335,946.5137777250568,123.7930070501618,0.130788383606732,-0.04119232774782846,946.5137777250568,164.71645945858154,0.17402436534466206,-0.05344875566298846,873.0404875101107,179.40409509362564,0.205493442354869
1962,-0.035618655568247844,971.78060007511294,144.61323521354848,0.14881263857538493,-0.03140680712463342,971.78060007511294,126.44878179866646,0.13012071015709997,-0.015293069172781249,971.78060007511294,59.64179812299517,0.0613737278953554,-0.0655948760074273,897.2699271773319,231.31049206908335,0.25779365279381344,-0.038245191245213084,971.78060007511294,156.09248521587392,0.1606252329011393,-0.046725382667495,971.78060007511294,193.9670163938979,0.19959959725364487,-0.054375676270233514,897.2699271773319,187.89448823362807,0.20940687138006972
1963,-0.04113796474751725,1000.5304425429937,173.86798755023904,0.17377580946795407,-0.03632577528676925,1000.5304425429937,152.0615814720553,0.15198096430286387,-0.01751374244044928,1000.5304425429937,70.63098386884656,0.0705935380530028,-0.06656248008124986,906.8495600895667,237.64571759750152,0.2620563851561333,-0.036532842243150496,1000.5304425429937,152.99151313294544,0.15291040294995448,-0.04541032916165925,1000.5304425429937,193.57367606405035,0.19347105078787477,-0.05542728778122459,906.8495600895667,193.94077521242934,0.2138621263633567
1964,-0.04100969311286373,1033.0852406382473,178.9195582903103,0.17318954066149714,-0.0349797592536052,1033.0852406382473,150.7865278437714,0.14595748919093493,-0.01490478205569038,1033.0852406382473,61.747307352902,0.05976980884438352,-0.06665130488128893,933.8282328136886,245.08174582536253,0.26244842168341215,-0.03760727618573827,1033.0852406382473,162.96418657645017,0.15774515031864142,-0.046533061169986935,1033.0852406382473,205.2754424846612,0.19870136016834447,-0.05776443754448994,933.8282328136886,209.01181502498412,0.22382254860213122
1965,-0.04101923223062919,1062.8608389063224,184.12270920260335,0.17323312936439028,-0.033803604530324494,1062.8608389063224,149.56571377444106,0.14071994027773504,-0.013797294803913852,1062.8608389063224,58.6787967864459,0.05520835337844043,-0.06440828621503507,959.0110924790515,242.23262126285113,0.25258583885268504,-0.035253971318612104,1062.8608389063224,156.43402554219688,0.14718203909287558,-0.045438508376776564,1062.8608389063224,205.77203260134252,0.19360204560089045,-0.05948797544161695,959.0110924790515,221.74274997331418,0.2312202139394523
1966,-0.0401450253291419,1085.0408336833013,183.63793873201098,0.16924518693792376,-0.03279378359294246,1085.0408336833013,147.82834792256676,0.1362421978357678,-0.013736167594683033,1085.0408336833013,59.630761203730344,0.05495715861799096,-0.06724595811550958,980.3991906753575,259.8804111620956,0.26507611759968347,-0.03695458136805879,1085.0408336833013,167.97054549155246,0.15480573659274766,-0.04558297327160684,1085.0408336833013,210.7950445729,0.19427383562822323,-0.059062027439124726,980.3991906753575,224.89164881421004,0.2293878360500188
1967,-0.04283432426587685,1099.7856436349323,199.67342706825502,0.18155667717966276,-0.035772688687466095,1099.7856436349323,164.42021632232513,0.14950205730900004,-0.01563652389542523,1099.7856436349323,69.06046585169861,0.06279447840712389,-0.07148118708511556,993.0404046334427,281.9737400693423,0.2839499165931986,-0.03857972484935235,1099.7856436349323,178.31755095796075,0.16213846033541449,-0.04606142079338267,1099.7856436349323,216.1094308617378,0.19650141108177088,-0.06439852768747044,993.0404046334427,250.78550146729867,0.25254309925069984
1968,-0.04231452556743476,1119.6423457066182,200.60295739485832,0.17916699753639242,-0.03514019329275914,1119.6423457066182,164.2221766178011,0.14667378136199263,-0.014087614152801383,1119.6423457066182,63.150293707429455,0.05640220196171183,-0.07341056682689412,1005.008259568103,294.1066971026959,0.2926410746406071,-0.03910664124355081,1119.6423457066182,184.21017927253615,0.1645259130997579,-0.04547220075870353,1119.6423457066182,216.94043190269258,0.1937586879726125,-0.06493815067374327,1005.008259568103,256.18533552724364,0.2549086866582947
1969,-0.041042293085797835,1144.8734932221319,198.45066764863395,0.17333851191725508,-0.03391534189648808,1144.8734932221319,161.67501451911448,0.14121648852581636,-0.01254627748914446,1144.8734932221319,57.33451471712897,0.05007934506000896,-0.07231165901346534,1026.3710234974578,295.27021998640316,0.28768370621010086,-0.03739252249635744,1144.8734932221319,179.49003917255868,0.15677718126515613,-0.044425358752959485,1144.8734932221319,216.2681000595337,0.18890130773389538,-0.06515495198378513,1026.3710234974578,262.607652455343,0.2558603530724028
1970,-0.044797670119901024,1186.8730947711808,226.24955360367562,0.19062657549524673,-0.03835745426051332,1186.8730947711808,191.2442123090584,0.16113282300491333,-0.016540867578539956,1186.8730947711808,78.97991346296226,0.06654453101255019,-0.08052501995748529,1065.4218356923102,346.4758635278761,0.325200640648346,-0.04652190610569195,1186.8730947711808,235.77148704461547,0.19864928110959515,-0.05583874418844748,1186.8730947711808,288.3439136304157,0.24294418240730783,-0.07688539256361168,1065.4218356923102,328.6214457705878,0.30844256684212773
1971,-0.04469216834795981,1204.289290160014,228.9804739618262,0.190137432785275,-0.039243759906507754,1204.289290160014,198.8859679142122,0.16514800018506035,-0.01511283056983881,1204.289290160014,73.01474058540339,0.06062890468427393,-0.0755391988383979,1080.9366130981216,326.76504795977553,0.3022980663252948,-0.043619590928018044,1204.289290160014,223.00545547018328,0.1851759849500551,-0.05249815543842613,1204.289290160014,273.22544550702764,0.22687692047043295,-0.07112171039715288,1080.9366130981216,305.1884804843346,0.2823370739655307
1972,-0.04584858071934226,1218.3912403089591,238.20760927103606,0.19550994901328367,-0.04223883756255315,1218.3912403089591,217.87203818519538,0.1788194390908026,-0.01591133464075432,1218.3912403089591,77.89497174173425,0.06393264262305569,-0.08266469370411356,1095.225793826537,367.06757945211507,0.33515242383914456,-0.045068774292700904,1218.3912403089591,233.79030921840672,0.19188443045529635,-0.054249670293767406,1218.3912403089591,286.65715257535726,0.23527512599537967,-0.0787572197804121,1095.225793826537,347.22431070260245,0.31703445322398627
1973,-0.04962096245949166,1217.1610518332695,259.5048670220831,0.21320503694332052,-0.04538009459809268,1217.1610518332695,235.31437591352437,0.193330517402851,-0.017176609495584676,1217.1610518332695,84.21377537751209,0.06918868727410442,-0.08932337321476383,1096.0141140312612,401.80222420651967,0.36660314777210906,-0.04978916097301368,1217.1610518332695,260.4725567968694,0.21400007534298734,-0.05788664150371982,1217.1610518332695,307.817394195612,0.252897834458293,-0.08522909061973978,1096.0141140312612,380.5121348672933,0.34717813392724256
1974,-0.05145351513691819,1239.437081875826,275.0252146004909,0.22189526085846492,-0.0478894740054111,1239.437081875826,254.147649588097,0.20505086809526246,-0.01970919804882186,1239.437081875826,98.8914339410212,0.0797873771788028,-0.0938765037274136,1117.0754616225495,434.0220667474348,0.3885342411129672,-0.050004799780006166,1239.437081875826,266.50390519755956,0.2150201160628656,-0.05804189558038658,1239.437081875826,314.3902531589306,0.2536556778526561,-0.0907128637799969,1117.0754616225495,416.95839912171937,0.3732589367920483
1975,-0.05598783641360536,1220.2284137449071,297.3283688365168,0.24366615748932585,-0.050950558899177344,1220.2284137449071,267.8450083157154,0.21950399228427514,-0.026828882073136138,1220.2284137449071,134.40684420705998,0.11014892186829389,-0.09478594246999728,1094.7882411865987,430.2044082624518,0.39295673087990957,-0.05560215722938286,1220.2284137449071,295.0504697199324,0.24179937657279768,-0.06685906091103727,1220.2284137449071,362.96400772811376,0.29745579076803286,-0.0961927788079551,1094.7882411865987,437.7245501837076,0.39982576877997417
1976,-0.06041624170987538,1252.492891131169,332.28996558713743,0.2653028755213413,-0.055075525514385826,1252.492891131169,299.665030957025,0.23925487567948375,-0.033969885681787895,1252.492891131169,177.1763335882615,0.14145895345421683,-0.10353899521562197,1115.4977382372538,486.6343123434299,0.43624858721132453,-0.06424187952366912,1252.492891131169,356.08041603662195,0.2842973549454908,-0.07656713379699213,1252.492891131169,435.1832525688874,0.3474536707157344,-0.10540798182575493,1115.4977382372538,497.13869279118103,0.4456653525598142
1977,-0.06262566978952198,1255.048066104256,346.69228652472,0.2762382540462164,-0.0564355317504389,1255.048066104256,308.53678879861445,0.24583663138602416,-0.03450185814233927,1255.048066104256,180.50910502067995,0.1438264476841839,-0.09739424431954724,1109.8682671258885,450.29449992795867,0.40571887066745316,-0.060372976922350226,1255.048066104256,332.7002878332669,0.265089678091763,-0.07222731052272158,1255.048066104256,407.72644790343384,0.32486918940805276,-0.09686415484721238,1109.8682671258885,447.4053987059667,0.40311576784203984
1978,-0.06781242644882647,1261.5152843635733,381.33395086526593,0.30228246585030205,-0.06153257363965769,1261.5152843635733,341.6389077954527,0.27081630482805247,-0.03882299678785063,1261.5152843635733,205.92989901064993,0.1632401141414155,-0.10124372930038464,1106.5418594853872,470.02348380866806,0.42476791978503103,-0.06179884283716562,1261.5152843635733,343.30236229788784,0.2721349210375059,-0.07184468972895122,1261.5152843635733,407.3385904944405,0.3228962784227702,-0.09989081209429654,1106.5418594853872,462.58297811397347,0.41804381293727483
1979,-0.06919883760112709,1269.819251553806,392.79777761956075,0.3093336135350888,-0.06349534545372226,1269.819251553806,356.27130464381366,0.28056851729713866,-0.03895978692983309,1269.819251553806,208.0726145004205,0.16386002515382708,-0.10037787613343353,1100.494896202918,462.71507072271083,0.420460896565023,-0.059679832639338286,1269.819251553806,332.2849559978538,0.2616789402044862,-0.07085283521787383,1269.819251553806,403.54301994179036,0.31779563859029353,-0.10229663576896793,1100.494896202918,473.2381215115613,0.43002300432686597
1980,-0.07700254925758951,1270.2729895149826,444.26618965018156,0.3497407197643492,-0.07203399359360577,1270.2729895149826,411.40587924540273,0.3238720201415023,-0.04988956543782025,1270.2729895149826,272.4416902887392,0.2144749140834391,-0.10592855713467698,1090.3216620410694,488.79034295676934,0.4482992129513042,-0.07086590906166562,1270.2729895149826,403.77245697077933,0.3178627431296861,-0.0836577266316711,1270.2729895149826,489.28949042482395,0.3851845189683559,-0.11070278992007054,1090.3216620410694,515.3726473963306,0.4726794535399389
1981,-0.07663489662949752,1260.0772543139778,438.26664418724886,0.34780934477374864,-0.0718825009160199,1260.0772543139778,407.11976343145966,0.32309111368977717,-0.05069956409988205,1260.0772543139778,275.0904982551406,0.21831240688882025,-0.11641592648368705,1093.8819308957115,549.5600851810973,0.50239433494536,-0.07793823875145836,1260.0772543139778,446.9098792413447,0.3546686345708662,-0.0922980173365235,1260.0772543139778,545.1002526312925,0.4325927245850182,-0.12586806207936582,1093.8819308957115,604.7839731393374,0.5528786572460499
1982,-0.08023461501935111,1263.0801229904039,463.3472477204348,0.36683915714185855,-0.07596581997917054,1263.0801229904039,434.8805064091889,0.34430159931547977,-0.05712517984698632,1263.0801229904039,314.7438183601198,0.24918753183681527,-0.121884056066143,1088.6325084677758,578.4952757341041,0.5313962895966816,-0.08313424390376206,1263.0801229904039,482.9553197731866,0.382363169986213,-0.09882631581076319,1263.0801229904039,592.9982248158954,0.4694858338930575,-0.1338356999673494,1088.6325084677758,649.6410058002534,0.5967495924906814
1983,-0.08393810209056321,1229.8684270032434,475.5876493240951,0.3866979905183312,-0.08021353343043353,1229.8684270032434,451.0258742852102,0.36672693141997437,-0.061100519511787306,1229.8684270032434,330.4405538095384,0.2686795973897027,-0.1213566756765745,1054.605410137242,557.4379887180128,0.528574937469238,-0.08429099074806984,1229.8684270032434,477.93331554713245,0.388605240246461,-0.09989085006007141,1229.8684270032434,584.9146608703263,0.47559124864727,-0.13299497390781206,1054.605410137242,624.3923645348632,0.5920625463637698
1984,-0.08697400856569916,1213.8801723298602,489.42694401539643,0.403192139695317,-0.08269636147633412,1213.8801723298602,461.28367216884135,0.38000758450768396,-0.06267074635243206,1213.8801723298602,335.5921501197131,0.27646233769153217,-0.12481773474951721,1039.2464916527942,568.6611852982239,0.5471860524579092,-0.08598032975587824,1213.8801723298602,482.84751299478376,0.39777197453355767,-0.10003296650458243,1213.8801723298602,578.3025224777659,0.4764082449487591,-0.13474635794848724,1039.2464916527942,625.4622684300823,0.6018420783267319
1985,-0.08929659010038228,1213.6668106201234,504.8163539472614,0.41594311513662086,-0.08626359919828162,1213.6668106201234,484.63532818242743,0.3993149717382507,-0.06710360712581853,1213.6668106201234,362.5127668924506,0.2986921647031153,-0.12116114494112429,1032.1379023685338,544.4839333407592,0.5275302186764831,-0.084841048478802,1213.6668106201234,475.25172509812114,0.3915833579195357,-0.09968306604249288,1213.6668106201234,575.7605705777437,0.4743975575006114,-0.1317087784308873,1032.1379023685338,603.7166772760163,0.5849186197799895
1986,-0.09093167492563801,1208.8881046658328,513.7643515761429,0.4249891694634222,-0.08806099053465619,1208.8881046658328,494.6109033844991,0.4091453141738226,-0.06884097723097593,1208.8881046658328,371.7450898170239,0.30750992451843473,-0.12013185964337088,1027.8689820228715,536.5913118279643,0.5220425182710927,-0.0853128280948402,1208.8881046658328,476.47448295857316,0.39414275078029887,-0.09960683668753141,1208.8881046658328,572.9644517115005,0.47395987229925,-0.13058983837171337,1027.8689820228715,594.8583702993596,0.578729760994114
1987,-0.09271536423014469,1202.4541392484293,522.9753176370261,0.43492329608836616,-0.08988159505477337,1202.4541392484293,504.0363326800323,0.41917301976694965,-0.06750927959012948,1202.4541392484293,361.6329812357558,0.3007457577232737,-0.11795045686913078,1019.8147008146524,520.5922640021837,0.5104773088545617,-0.08334809213817272,1202.4541392484293,461.1592304447588,0.3835150259726308,-0.09624218299801784,1202.4541392484293,546.8400226198025,0.4547699615068848,-0.1263309345751037,1019.8147008146524,566.398961880251,0.5553939960149603
1988,-0.09201156367863962,1218.4026067030484,525.1257791254402,0.43099528533217013,-0.08937143203982871,1218.4026067030484,507.2891368758412,0.41635591887688633,-0.06627549880304767,1218.4026067030484,358.8319683431082,0.2945101778090364,-0.11526665630919233,1033.8308210647804,513.1615901978953,0.49636901874271006,-0.0812032892200173,1218.4026067030484,453.25277417166694,0.3720057489027801,-0.0923986271208591,1218.4026067030484,527.7562170852611,0.4331542087827189,-0.12274304725283482,1033.8308210647804,554.1362445354159,0.5360028287458973
1989,-0.0940155831751841,1223.39280238837,540.9945539960777,0.44220838388121986,-0.09122033268082383,1223.39280238837,521.8897667022629,0.4265921506840673,-0.06766911845879207,1223.39280238837,368.921176540322,0.3015557847161559,-0.11581018771661555,1036.8562197781469,517.6147904603658,0.49921559092457235,-0.08085116884771691,1223.39280238837,452.80874846402253,0.37012539846566544,-0.0911390028160203,1223.39280238837,521.3370068357622,0.4261403253460225,-0.1213322049815558,1036.8562197781469,547.9206054767362,0.5284441516818728
1990,-0.09568770427418206,1215.981686000215,549.175782011069,0.4516316226912088,-0.09408053399657045,1215.981686000215,538.160990767589,0.4425732697815433,-0.0705491130431813,1215.981686000215,384.5392216645391,0.31623767536287645,-0.1177473371582382,1026.5213456638412,522.9150091107372,0.509404905528363,-0.08182989326000335,1215.981686000215,456.428755232944,0.3753582479801125,-0.09204198792668523,1215.981686000215,524.2885792457419,0.43116486480179533,-0.12293725027535429,1026.5213456638412,551.2893945355872,0.5370462064566947
1991,-0.09614215489752931,1202.3458067062277,546.1094370328594,0.4542033032317896,-0.09492420723469937,1202.3458067062277,537.8349142731524,0.4473213207658843,-0.07305884344121778,1202.3458067062277,395.77253980809405,0.3291669814130222,-0.11973662901261742,1017.1273492851238,528.8457668906523,0.5199405632562583,-0.08182691646717974,1202.3458067062277,451.29124288053526,0.37534230199282465,-0.09326757287231023,1202.3458067062277,526.6428511155964,0.43801279813027405,-0.12431980072387368,1017.1273492851238,553.8203762386876,0.5444946265852882
1992,-0.1004031587917007,1172.8192144281388,561.2391754761215,0.4785385237312804,-0.09830910981262941,1172.8192144281388,547.1537428073323,0.46652863124699223,-0.07580217477535754,1172.8192144281388,402.79895671713416,0.343445052538244,-0.12330980955088557,985.9814529793726,531.4931126697473,0.5390498077460961,-0.08349929714244135,1172.8192144281388,450.7496607328096,0.3843300443816424,-0.09603047483196694,1172.8192144281388,531.9566636523207,0.4535708974649603,-0.1290470615231272,985.9814529793726,562.2423879287625,0.5702362719195337
1993,-0.10317307379244352,1149.4743039225143,568.5022894291708,0.4945759009046046,-0.10211555170140481,1149.4743039225143,561.4407062405635,0.48843258550859264,-0.07827968574963949,1149.4743039225143,409.7546926737082,0.3564713811134743,-0.12045613218129848,962.386209584724,504.0683200949335,0.5237692675505422,-0.08384487879793931,1149.4743039225143,443.92075310973223,0.3861945861641956,-0.09771512720676466,1149.4743039225143,532.3672853256305,0.46313978790909727,-0.12998706897075415,962.386209584724,553.7626688669178,0.5754058644562977
1994,-0.10049949198885681,1133.3551005121749,542.9829245173223,0.4790933788288796,-0.10051705973628661,1133.3551005121749,543.0976294299278,0.4791945871020445,-0.07703779866727113,1133.3551005121749,396.5904615842071,0.34992603942487555,-0.11402857462652956,945.7635814681341,463.3344230441817,0.4899051222980433,-0.08191179168234748,1133.3551005121749,425.91148219823594,0.3757970313150416,-0.09309003984875394,1133.3551005121749,495.297497211631,0.43701880989268144,-0.11832510491660435,945.7635814681341,484.6634730254982,0.512457322868303
1995,-0.1039576400070745,1153.3090471841076,575.6741527427132,0.49914994957185654,-0.10329495145916501,1153.3090471841076,571.217288832504,0.495285535327391,-0.0807400236155914,1153.3090471841076,426.1850710584456,0.36953240946042093,-0.12216225762960976,964.9976254869824,514.2343955999528,0.5328866952811893,-0.08645564733860452,1153.3090471841076,461.7411698649471,0.40036204605549874,-0.0987787737478818,1153.3090471841076,541.1484702577993,0.4692137563466226,-0.12787236803137564,964.9976254869824,544.0655230497536,0.5637998567874122
1996,-0.10529320599217315,1174.6368802945503,595.50397584396,0.5069685669111906,-0.10430284978710859,1174.6368802945503,588.6892025950795,0.5011669669757521,-0.07782439686621966,1174.6368802945503,415.9014640739865,0.3540681133472462,-0.11573742471432533,979.1714021724157,488.444187200084,0.49883420422247704,-0.08176432058014231,1174.6368802945503,440.4970915541635,0.37500703318944406,-0.09607216842974746,1174.6368802945503,533.0583938400184,0.45380696177898777,-0.12318630010195025,979.1714021724157,527.1714814258802,0.5383852921524092
1997,-0.11012641646281995,1196.0471078331266,640.6091725015904,0.5356053020872893,-0.10667322884913112,1196.0471078331266,616.0722395938712,0.5150902799388953,-0.0776162509259816,1196.0471078331266,422.1697309300291,0.3529708221065575,-0.114906401253042,995.0293079350371,492.0273428775705,0.4944852769197967,-0.0817605658763266,1196.0471078331266,448.5020274568117,0.3749869252803603,-0.09703479211398139,1196.0471078331266,549.306042089295,0.45926789880748964,-0.12342419715940142,995.0293079350371,536.982990268814,0.5396655012938294
1998,-0.11452544053779894,1203.0157048651906,676.2659739877747,0.5621422656851822,-0.11010462079350289,1203.0157048651906,644.1847733739285,0.5354749491371897,-0.08048551058674311,1203.0157048651906,442.92088718255513,0.3681754821581391,-0.11091100039279154,996.9556752058011,472.3097422710159,0.47375199722246153,-0.08160132387328949,1203.0157048651906,450.08955008301086,0.37413439264572834,-0.09697871493418331,1203.0157048651906,552.1231105079028,0.45894921261212746,-0.11697116922460288,996.9556752058011,503.775670372637,0.5053140103431809
1999,-0.11727051001287404,1213.4731203796418,702.5204521860367,0.5789336742508554,-0.11126522293617444,1213.4731203796418,658.2261144175188,0.5424315572903577,-0.07994227982763173,1213.4731203796418,443.26202633241815,0.3652837618634199,-0.10928365354026268,1004.6887416643966,467.5719854129385,0.4653898924340937,-0.08131951934844046,1213.4731203796418,452.17284021830574,0.37262699323479115,-0.09703976602734937,1213.4731203796418,557.3435552304015,0.45929616888096664,-0.11601409621804333,1004.6887416643966,502.63059946757096,0.5002848928464138
2000,-0.11776330939177752,1220.6622257337733,710.3853153432549,0.5819671489516463,-0.11120746671777569,1220.6622257337733,661.7022243355725,0.5420846245469793,-0.08023840338892739,1220.6622257337733,447.81132033665494,0.36685932512367486,-0.11132426074886027,1011.1412204230785,481.18503670385076,0.47588311799069455,-0.08322502668978646,1220.6622257337733,467.3330212514809,0.38285203834382137,-0.09990746761519176,1220.6622257337733,580.6528543124425,0.4756867559847658,-0.11990281680787385,1011.1412204230785,526.6266613773489,0.5208240458805541
2001,-0.11919378670329385,1247.943442453058,737.2920289274919,0.5908056437863973,-0.11129761988018436,1247.943442453058,677.1668016678884,0.5426261949313944,-0.0805023630429408,1247.943442453058,459.57425231624984,0.36826528886026577,-0.11120203173729859,1033.919977247067,491.3730341718558,0.47525248083530997,-0.08422122935697245,1247.943442453058,484.48657984184547,0.3882279944430011,-0.10062541099018604,1247.943442453058,598.7869181186718,0.47981895472894837,-0.12009730383646965,1033.919977247067,539.5600568806267,0.5218586242208691
2002,-0.11983441109474835,1263.6608858015484,751.6000506458506,0.5947798646700264,-0.1115096643068074,1263.6608858015484,687.3060953514328,0.543900743525404,-0.08354762024938588,1263.6608858015484,485.99211677114135,0.38459061464332134,-0.11437586797073207,1047.0589199612525,514.8550815571302,0.49171548204391685,-0.08641117500455225,1263.6608858015484,505.61537032761544,0.40011950675113306,-0.10196940610077371,1263.6608858015484,616.1428393128099,0.48758559059299084,-0.12232843844024957,1047.0589199612525,558.8966659718217,0.533777665532427
2003,-0.11954409632668535,1275.9137430968249,756.5882941996558,0.5929776196024882,-0.1090323111258694,1275.9137430968249,675.0546403667408,0.5290754520194185,-0.07758307835702037,1275.9137430968249,450.13729951562436,0.3527960271225521,-0.10313399958509045,1053.709744520186,457.53778138710004,0.43421614326575586,-0.07894370381653423,1275.9137430968249,459.3086433262879,0.3599840865507728,-0.09535189254468998,1275.9137430968249,573.8220816741193,0.4497342275515986,-0.11319137375234736,1053.709744520186,511.6287821860633,0.4855500149322782
2004,-0.11924903592506322,1313.9192024197482,776.7207100045803,0.5911480010141803,-0.1073963789642112,1313.9192024197482,682.4018430865729,0.5193636274055845,-0.07487781856731436,1313.9192024197482,444.91544831031956,0.33861705308130935,-0.09688157852871605,1086.3859247463085,438.0321665338197,0.4032012533999908,-0.0739718855158664,1313.9192024197482,438.72040093867395,0.33390211523715835,-0.09025667175315792,1313.9192024197482,553.4855110966414,0.4212477525842745,-0.106066983809922,1086.3859247463085,487.7877066927547,0.4490003925692081
2005,-0.11804728194176271,1352.0097159652976,789.192158300297,0.5837178157679405,-0.10607234419980291,1352.0097159652976,691.6186587161012,0.5115485861891936,-0.07274552451659162,1352.0097159652976,442.8453105500321,0.32754595275511966,-0.09469334251769156,1116.3591881017846,438.1774397565298,0.39250578525858715,-0.07109770672597175,1352.0097159652976,431.36284514490603,0.31905306600324607,-0.0870261276846142,1352.0097159652976,545.5048382153875,0.4034770103896126,-0.10316007419118335,1116.3591881017846,484.88716412991675,0.43434691029363115
2006,-0.11823477969697126,1394.2981696526817,815.4898427088724,0.5848747853638868,-0.10642267672818521,1394.2981696526817,716.1289476639554,0.5136124849409667,-0.07278865939584983,1394.2981696526817,457.0077219630982,0.3277690037253211,-0.09434523661299765,1150.2309678161848,449.52392206736886,0.39081187574077386,-0.0719442619467197,1394.2981696526817,450.92916313102114,0.3234094205569725,-0.08796473614597616,1394.2981696526817,569.7341181150618,0.4086171311958202,-0.1021127459111876,1150.2309678161848,493.5684908115977,0.42910381012318
2007,-0.11892507828955827,1437.3220665750773,846.7862446955864,0.5891416157781192,-0.10625385843904148,1437.3220665750773,736.7965616795427,0.5126175815523506,-0.07159528909806397,1437.3220665750773,462.25984286017206,0.32161187364337057,-0.09356304943759969,1185.398784569465,458.7649853038929,0.3870132070959695,-0.07143820909946061,1437.3220665750773,461.0980316719872,0.32080355711139574,-0.08726528229734173,1437.3220665750773,581.8062895101784,0.4047849142791883,-0.09992398297839995,1185.398784569465,495.7436043343632,0.4182082947844564
2008,-0.11875659683320271,1475.5114432620965,867.7470259490658,0.5880991502381233,-0.10581723704486504,1475.5114432620965,752.5808572379854,0.5100474555278008,-0.07040007073873647,1475.5114432620965,465.48524137211325,0.31547382671801394,-0.09171780372792869,1216.1421803231112,459.81470410949987,0.37809288383315004,-0.07054803149713304,1475.5114432620965,466.60412771144456,0.31623213079246937,-0.0863523353204179,1475.5114432620965,589.9075223405873,0.3997986766110099,-0.09715936395858908,1216.1421803231112,492.0083808326615,0.4045648517033938
2009,-0.11793337070091586,1486.3732737140574,866.5784046714546,0.5830153299958779,-0.10525285556749821,1486.3732737140574,753.1925342353077,0.5067317527536518,-0.07028233383260295,1486.3732737140574,468.01544233302525,0.3148707330854902,-0.09012598577061853,1224.8169423494048,453.7258318447741,0.3704437913591003,-0.0699207669697418,1486.3732737140574,465.26512192158,0.31302037661038157,-0.08680277483120477,1486.3732737140574,597.9034948800479,0.4022566238600642,-0.09799504577799022,1224.8169423494048,500.5521336905738,0.4086750569684566
2010,-0.11837445538031462,1517.359021959232,888.77364680447,0.5857372144246223,-0.10577279691110152,1517.359021959232,773.5285507389963,0.5097861083266945,-0.07115048160879449,1517.359021959232,484.5294933996656,0.319324224779733,-0.09081674208675458,1248.9472296782835,466.80379870421893,0.37375782387896644,-0.07025248300258048,1517.359021959232,477.5399988354634,0.3147178696172104,-0.08727870626187853,1517.359021959232,614.3154915697755,0.40485836422323046,-0.09956934113892221,1248.9472296782835,520.1250082840638,0.4164507482177953
2011,-0.11816551330419105,1554.624581020721,908.5960972959547,0.5844472732441919,-0.10570996612760278,1554.624581020721,791.9517005727103,0.5094166850576477,-0.07107493034772064,1554.624581020721,495.82583487550255,0.3189360575721489,-0.0902577569104149,1279.0261704706909,474.61510989857834,0.37107537035299015,-0.06959265600156621,1554.624581020721,484.0222395091255,0.3113434879508535,-0.08666673240691308,1554.624581020721,624.2032484950191,0.40151381633576483,-0.09923570144360819,1279.0261704706909,530.5391260247516,0.4147992732857916
2012,-0.11844343769610036,1597.4473765282257,936.3650571237552,0.5861633196072986,-0.10630657135285963,1597.4473765282257,819.3757537300105,0.5129281663792777,-0.07184864567898339,1597.4473765282257,515.8423737258911,0.3229166614846399,-0.09044334606930235,1313.69236070463,488.64809493096686,0.37196539277191876,-0.06976890957130816,1597.4473765282257,498.7933699579537,0.3122440070871032,-0.08659567273849424,1597.4473765282257,640.7776423363582,0.40112597870295863,-0.09884273593145777,1313.69236070463,542.3665776255013,0.41285661228523113
2013,-0.11842244517337337,1638.4145557121067,960.1660397591806,0.5860336362440715,-0.10642367065110561,1638.4145557121067,841.5197715503671,0.5136183444028402,-0.07177652747872586,1638.4145557121067,528.4626215194833,0.3225451212436261,-0.0891050070418235,1345.4482361500636,491.8421792076572,0.3655600906765765,-0.06887376535396447,1638.4145557121067,504.10232783326524,0.3076769100199836,-0.08536059192753706,1638.4145557121067,646.1941916877515,0.39440213066643265,-0.09710992038109165,1345.4482361500636,543.9943826114916,0.4043220452450149
2014,-0.11866445519925724,1680.0840922175244,987.0986651485418,0.5875293205387602,-0.10690150474917506,1680.0840922175244,867.659171689515,0.5164379424272159,-0.07201760334191594,1680.0840922175244,543.9902453262202,0.3237875103074237,-0.08862816697040099,1377.613990571343,500.4667227227351,0.3632851627146837,-0.06875738078332172,1680.0840922175244,515.9274062944282,0.3070842755337689,-0.08505269552873776,1680.0840922175244,659.8210322785662,0.3927309563461647,-0.09663761807833399,1377.613990571343,553.807419777004,0.4020047876744642
2015,-0.1190863002836311,1723.3583416458355,1017.022355126488,0.5901398046764987,-0.10757265030594784,1723.3583416458355,896.8479208281042,0.5204071023160509,-0.07241790522592305,1723.3583416458355,561.5615755889339,0.32585305215898014,-0.08873076075061728,1411.4490197333578,513.4488806703162,0.3637743010847914,-0.06911471147320013,1723.3583416458355,532.3534407920538,0.3089046705652914,-0.08508479042891838,1723.3583416458355,677.1162209179179,0.3929050648115706,-0.09666899518831022,1411.4490197333578,567.6263823509234,0.40215861459746943
